vip,title,year,kms,city,province,transmission,price,age,age_sq,year_norm,year_norm_sq,kms_norm,kms_norm_sq,10th Quantile,50th Quantile,90th Quantile,cheap,expensive
29636608,2015 Mitsubishi RVR GT LIMITED AWC BT SPORT ALLOYS HEAT SEATS...MINT COND,2015,195000,Toronto,ON,Automatic,13995,8,64,0.04,0.0016,195,38025,9917.28199507211,12818.6123973513,15696.3797910464,False,False
29094155,2021 Mitsubishi RVR SE | Sunroof | Heated Seats,2021,71256,Edmonton,AB,Automatic,35019,2,4,0.1,0.01,71.256,5077.417536,25472.5834024275,27719.67706484,31876.195194642,False,True
29624329,2011 Mitsubishi RVR GT ( AWD 4x4- 158 000 KM ),2011,158000,Laval,QC,Automatic,7899,12,144,0,0,158,24964,5671.87888608238,9292.15313689033,11894.5218199837,False,False
29635960,2011 Mitsubishi RVR,2011,288000,Calgary,AB,Manual,5000,12,144,0,0,288,82944,-2788.57771926534,2838.77864701895,5804.95784754777,False,False
29629260,2019 Mitsubishi RVR SE,2019,86000,Hamilton,ON,Automatic,23000,4,16,0.08,0.0064,86,7396,21228.4951224843,23753.3969721556,27155.9703315044,False,False
29630927,2015 Mitsubishi RVR 4X4/BLUETOOTH/MAGS/DEMARREUR/CRUISE CONTROL,2015,299000,Montréal,QC,Automatic,6950,8,64,0.04,0.0016,299,89401,2332.1781298401,7494.78878211099,10611.4036224144,False,False
28764289,"2021 Mitsubishi RVR ES- 4WD, BLUETOOTH, KEYLESS ENTRY, POWER WINDOWS, POWER LOCKS, HEATED MIRRORS AND MUCH MORE!!",2021,40350,Edmonton,AB,Automatic,25887,2,4,0.1,0.01,40.35,1628.1225,25793.0910826833,28920.3223779197,32882.2787302619,False,False
29627766,2020 Mitsubishi RVR AWC SE AUTO,2020,85077,Longueuil,QC,Automatic,24495,3,9,0.09,0.0081,85.077,7238.095929,23204.1576878078,25450.2814019052,29239.9163966061,False,False
29624905,"2011 Mitsubishi RVR SE 4WD :: Automatic, Leather Interior, Bluetooth, Alloy Wheels...",2011,193908,Calgary,AB,Automatic,10995,12,144,0,0,193.908,37600.312464,3887.75072459743,7618.68281638769,10356.8719074928,False,True
29061816,2021 Mitsubishi RVR ES,2021,71538,Greenwood,NS,Automatic,26488,2,4,0.1,0.01,71.538,5117.685444,25468.2200006402,27708.4379746236,31866.6394032327,False,False
29475634,2021 Mitsubishi RVR ES,2021,58373,Grande Prairie,AB,Automatic,29392,2,4,0.1,0.01,58.373,3407.407129,25644.1738447763,28227.6538890946,32305.4979841495,False,False
29610475,2014 Mitsubishi RVR,2014,300000,Whitbourne,NL,Automatic,3000,9,81,0.03,0.0009,300,90000,619.194132707664,6047.27980421942,9048.43401332711,False,False
29562633,2016 Mitsubishi RVR SE Limited Edition,2016,143643,Scarborough,ON,Automatic,16895,7,49,0.05,0.0025,143.643,20633.311449,14047.2705365093,16636.2801608261,19484.4552535606,False,False
29628298,2016 Mitsubishi RVR,2016,238000,-,ON,,8900,7,49,0.05,0.0025,238,56644,8900.00000000214,12148.2718359749,15324.0090219783,True,False
29575051,"2015 Mitsubishi RVR SE - Air Climatisé, Cruise Control, Sièges Chauff.",2015,89577,Laval,QC,Manual,13994,8,64,0.04,0.0016,89.577,8024.038929,13994,17502.6808265258,19907.464707623,False,False
29154607,2016 Mitsubishi RVR SE,2016,195000,Swift Current,SK,Automatic,13750,7,49,0.05,0.0025,195,38025,11607.0010176297,14264.8070179915,17314.3614581751,False,False
29623742,2011 Mitsubishi RVR GT,2011,284000,Longueuil,QC,Automatic,5999,12,144,0,0,284,80656,-2445.79679390834,3053.61134521792,6013.86666595131,False,False
29418892,2015 Mitsubishi RVR,2015,83376,Boucherville,QC,Automatic,15000,8,64,0.04,0.0016,83.376,6951.557376,14120.5460060838,17755.8574571842,20125.5822837314,False,False
29620607,2012 Mitsubishi RVR,2012,271901,Quebec,QC,Manual,4477,11,121,0.01,0.0001,271.901,73930.153801,-18.5101708946713,4930.27317979435,7821.84934378224,False,False
28622296,2021 Mitsubishi RVR Heated Seats | Blind Spot Warning | Blue Tooth,2021,22107,Prince George,BC,Automatic,28928,2,4,0.1,0.01,22.107,488.719449,25835.581953572,29600.0918932291,33437.8275967045,False,False
29596527,2020 Mitsubishi RVR,2020,27621,Saskatoon,SK,Automatic,37195,3,9,0.09,0.0081,27.621,762.919641,23810.264750982,27684.3739553255,31112.9637020362,False,True
29623170,2017 Mitsubishi RVR SE,2017,148197,Montréal,QC,Automatic,14995,6,36,0.06,0.0036,148.197,21962.350809,15622.3221356439,17932.332896922,21027.5086085609,True,False
29621421,2020 Mitsubishi RVR ES AWD Cam Bluetooth Air Climatisé Mags,2020,77118,Laval,QC,Automatic,23995,3,9,0.09,0.0081,77.118,5947.185924,23352.5711006191,25772.4706773205,29516.2119297843,False,False
28994842,2015 Mitsubishi RVR AWD GT,2015,82000,Laval,QC,Automatic,14995,8,64,0.04,0.0016,82,6724,14146.920741356,17811.7007612665,20173.5369709577,False,False
29461988,2014 Mitsubishi RVR,2014,102000,-,ON,,9500,9,81,0.03,0.0009,102,10404,12079.7544581303,15595.0731595928,17951.0152385661,True,False
29336754,2012 Mitsubishi RVR,2012,142000,Saint John,NB,,10500,11,121,0.01,0.0001,142,20164,7753.30225146898,11244.1503275851,13728.5908731291,False,False
29471751,2011 Mitsubishi RVR GT,2011,140000,-,ON,Automatic,8900,12,144,0,0,140,19600,6407.47103871766,10099.7128422615,12623.8505144084,False,False
29399945,2020 Mitsubishi RVR ES AWC certifié,2020,40507,Boucherville,QC,Automatic,25222,3,9,0.09,0.0081,40.507,1640.817049,23768.2951817059,27201.8579861478,30717.4272204613,False,False
29618806,2013 Mitsubishi RVR,2013,245000,-,AB,,2500,10,100,0.02,0.0004,245,60025,3533.44816517721,7613.63482277787,10456.2756698707,True,False
29258631,2021 Mitsubishi RVR SE ANGLES MORTS CAMERA SIEGES CHAUFFANTS,2021,72085,Saint Jean Sur Richelieu,QC,Automatic,22911,2,4,0.1,0.01,72.085,5196.247225,25459.6820481665,27686.6226918235,31848.0845007585,True,False
29386431,"2021 Mitsubishi RVR 2.4L SE AWC - CVT, Heated Seats, Cruise Control",2021,48476,Regina,SK,CVT,28799,2,4,0.1,0.01,48.476,2349.922576,25739.1069853139,28610.6158591275,32625.6633025355,False,False
29178639,2014 Mitsubishi RVR,2014,210235,-,ON,,5750,9,81,0.03,0.0009,210.235,44198.755225,7404.52070768976,10689.4426507267,13499.6808972629,True,False
29372472,2015 Mitsubishi RVR GT,2015,161635,Lethbridge,AB,Automatic,14500,8,64,0.04,0.0016,161.635,26125.873225,11600.8623193526,14378.6582858426,17131.8732835975,False,False
29460641,2011 Mitsubishi RVR GT,2011,238000,Fredericton,NB,Automatic,5995,12,144,0,0,238,56644,1119.88201753013,5449.95154644322,8318.03132307059,False,False
29547304,2011 Mitsubishi RVR,2011,100000,-,MB,,9900,12,144,0,0,100,10000,7662.54624680148,11819.408608306,14145.4395245109,False,False
29501120,2015 Mitsubishi RVR,2015,193000,-,QC,,11000,8,64,0.04,0.0016,193,37249,10028.4641649239,12914.1510139607,15785.1083195248,False,False
28997123,2013 Mitsubishi RVR,2013,146000,-,SK,,9000,10,100,0.02,0.0004,146,21316,9085.55759177901,12352.3824496992,14861.0296408928,True,False
29348912,2011 Mitsubishi RVR SE,2011,159000,Laval,QC,Automatic,8700,12,144,0,0,159,25281,5627.90407504425,9246.67545632146,11853.1916251233,False,False
28830157,2020 Mitsubishi RVR ES,2020,45543,Calgary,AB,Automatic,33988,3,9,0.09,0.0081,45.543,2074.164849,23737.1263755186,27010.371966793,30558.9900137171,False,True
29513849,2014 Mitsubishi RVR GT,2014,119264,Calgary,AB,Automatic,16888,9,81,0.03,0.0009,119.264,14223.901696,11590.9848469204,14863.2925517685,17308.1198856855,False,False
29432331,2013 Mitsubishi RVR GT AWD CVT GT / BACKUP CAM / PAN SUNROOF / LEATHER,2013,120751,Calgary,AB,CVT,16995,10,100,0.02,0.0004,120.751,14580.804001,9988.30018025581,13459.6980838333,15850.3583212856,False,True
29502445,2015 Mitsubishi RVR,2015,229000,-,AB,,12450,8,64,0.04,0.0016,229,52441,7826.92709014653,11154.9495438827,14135.6891601607,False,False
29328264,2011 Mitsubishi RVR,2011,222000,-,AB,,7500,12,144,0,0,222,49284,2197.8175104106,6251.44294624407,9077.08839490105,False,False
29618682,2020 Mitsubishi RVR ES,2020,79873,-,SK,Automatic,29500,3,9,0.09,0.0081,79.873,6379.696129,23303.5436167054,25661.4079254783,29421.1851726886,False,True
29552606,2017 Mitsubishi RVR SE AWC Limited Edition,2017,106466,Mirabel,QC,Automatic,16990,6,36,0.06,0.0036,106.466,11335.009156,17031.8236415776,19746.1985085045,22641.0930037538,True,False
29593646,2015 Mitsubishi RVR ES AC,2015,119016,Gatineau,QC,Manual,12495,8,64,0.04,0.0016,119.016,14164.808256,13221.5678334719,16266.87023695,18827.1241126563,True,False
29613279,2011 Mitsubishi RVR GT 4WD,2011,225734,Fort Saskatchewan,AB,Automatic,8995,12,144,0,0,225.734,50955.838756,1953.74783299489,6065.87319223931,8901.90069233906,False,True
29229558,2011 Mitsubishi RVR SE,2011,160000,-,AB,Automatic,9995,12,144,0,0,160,25600,5583.60204502338,9201.13322285863,11811.7759635198,False,False
28907732,2015 Mitsubishi RVR Other,2015,84768,Fredericton,NB,Automatic,15988,8,64,0.04,0.0016,84.768,7185.613824,14093.234191311,17699.2404493991,20076.9053297893,False,False
29519849,2018 Mitsubishi RVR SE,2018,82047,Red Deer,AB,Automatic,24997,5,25,0.07,0.0049,82.047,6731.710209,19415.7302864441,22308.1750449326,25351.0258454826,False,False
29154780,2016 Mitsubishi RVR SE,2016,195000,Saskatoon,SK,Automatic,13750,7,49,0.05,0.0025,195,38025,11607.0010176297,14264.8070179915,17314.3614581751,False,False
29580085,2011 Mitsubishi RVR SE AWD,2011,99266,Quebec,QC,Automatic,11850,12,144,0,0,99.266,9853.738756,7680.68515660786,11850,14172.0830081979,False,False
29131932,2011 Mitsubishi RVR,2011,133000,-,MB,,12900,12,144,0,0,133,17689,6664.9029926404,10408.1154605725,12900,False,False
29588704,2013 Mitsubishi RVR SE,2013,152417,Ottawa,ON,Automatic,9990,10,100,0.02,0.0004,152.417,23230.941889,8822.88118852627,12064.4010465449,14600.9096115716,False,False
29604193,2011 Mitsubishi RVR SE,2011,153295,Cambridge,ON,Automatic,11500,12,144,0,0,153.295,23499.357025,5874.38876195897,9505.25925877,12087.8333365752,False,False
29590196,2015 Mitsubishi RVR GT AWD,2015,87000,-,MB,,24000,8,64,0.04,0.0016,87,7569,14048.1177097844,17608.1969291901,19998.5086915884,False,True
29538469,2018 Mitsubishi RVR,2018,100000,-,SK,,18500,5,25,0.07,0.0049,100,10000,19022.6454134836,21569.9139832188,24712.5597486966,True,False
29455326,2021 Mitsubishi RVR SE,2021,26803,Calgary,AB,Automatic,32999,2,4,0.1,0.01,26.803,718.400809,25835.0525148161,29427.1631588649,33297.5402070782,False,False
29004388,2018 Mitsubishi RVR SE - Htd Seats | B/U Cam | 4WD,2018,82419,Saskatoon,SK,Automatic,25998,5,25,0.07,0.0049,82.419,6792.891561,19408.6552925165,22293.0887988309,25338.0758176531,False,True
29604035,2012 Mitsubishi RVR ES,2012,170000,Pickering,ON,Manual,6300,11,121,0.01,0.0001,170,28900,6544.91287119433,9975.29397423456,12577.3280890506,True,False
29518459,2013 Mitsubishi RVR,2013,216303,-,ON,,8000,10,100,0.02,0.0004,216.303,46786.987809,5472.91055997761,9052.36662860361,11819.289863656,False,False
29532779,2013 Mitsubishi RVR SE / AUTOMATQUE / AWD / 4 CYLINDRES,2013,205000,Anjou,QC,Automatic,6999,10,100,0.02,0.0004,205,42025,6162.84310082759,9604.45274348647,12336.8250008344,False,False
29472935,2022 Mitsubishi RVR ES,2022,49000,Ottawa,ON,Automatic,23950,1,1,0.11,0.0121,49,2401,27825.6895791093,30356.2846416389,34877.2619739403,True,False
29610357,2011 Mitsubishi RVR Mags 18’’ rack de toit,2011,159000,-,QC,Manual,4000,12,144,0,0,159,25281,5627.90407504425,9246.67545632146,11853.1916251233,True,False
29584038,2013 Mitsubishi RVR SE,2013,184692,Montréal,QC,Automatic,7995,10,100,0.02,0.0004,184.692,34111.134864,7297.4086614866,10575.6609119231,13239.2428461943,False,False
29593893,"2023 Mitsubishi RVR ES, Heated Seats, CarPlay + Android, Bluetooth, Rear Camera, and more!",2023,5300,Guelph,ON,Automatic,29988,0,0,0.12,0.0144,5.3,28.09,30026.8065103415,33792.1775840973,38569.5459243427,True,False
29359283,2011 Mitsubishi RVR,2011,202000,-,MB,,5500,12,144,0,0,202,40804,3427.43804271976,7230.06815416679,9995.14170718675,False,False
29454588,2018 Mitsubishi RVR GT 4WD,2018,75000,Saint-Constant,QC,Automatic,22991,5,25,0.07,0.0049,75,5625,19541.2019950484,22592.2746106479,25594.1111512727,False,False
29454871,"2015 Mitsubishi RVR AWD, HEATED SEATS #158",2015,209348,Medicine Hat,AB,Automatic,12134,8,64,0.04,0.0016,209.348,43826.585104,9081.28468563322,12125.6475627575,15049.8177409389,False,False
28634918,2013 Mitsubishi RVR SE,2013,312000,Edmonton,AB,Automatic,7000,10,100,0.02,0.0004,312,97344,-2043.70479571868,4047.62495716396,7000.00000000001,False,False
28998856,2014 Mitsubishi RVR SE,2014,152000,-,AB,,14888,9,81,0.03,0.0009,152,23104,10396.3838040617,13422.8599391485,16019.1156158662,False,False
29374112,2013 Mitsubishi RVR GT / 1 Owner,2013,190553,CALGARY,AB,Automatic,10900,10,100,0.02,0.0004,190.553,36310.445809,6983.82027648137,10298.0978880715,12982.4185144944,False,False
29292440,2012 Mitsubishi RVR SE,2012,121125,Sainte-Thérèse,QC,Automatic,9665,11,121,0.01,0.0001,121.125,14671.265625,8487.27455125166,12157.1975059516,14543.299005174,False,False
29581098,2021 Mitsubishi RVR ES AWC+AC+BANC CHAUFFANT+APPLE CAR PLAY+BAS KILO,2021,34311,St-Hubert,QC,Automatic,26988,2,4,0.1,0.01,34.311,1177.244721,25819.214893897,29147.7259877279,33069.332119345,False,False
29581796,2022 Mitsubishi RVR LE,2022,19369,-,SK,Automatic,35500,1,1,0.11,0.0121,19.369,375.158161,27923.3657879088,31466.047233306,35787.0923172272,False,False
29580929,2019 Mitsubishi RVR SE AWC/S.CHAUFFANT/CAMERA/APPLE CARPLAY,2019,88446,Saint-Eustache,QC,Automatic,22995,4,16,0.08,0.0064,88.446,7822.694916,21177.9812511481,23653.4129456648,27069.7772495844,False,False
29563151,2017 Mitsubishi RVR SE,2017,245002,Montréal,QC,Automatic,10495,6,36,0.06,0.0036,245.002,60025.980004,10158.4842701839,13291.7806194638,16711.318764731,False,False
29389434,2018 Mitsubishi RVR SE Limited Edition,2018,102185,Greenwood,NS,Automatic,21998,5,25,0.07,0.0049,102.185,10441.774225,18967.6052912644,21478.6424684449,24632.9738269609,False,False
29205729,2022 Mitsubishi RVR SE,2022,25800,Okotoks,AB,Automatic,29990,1,1,0.11,0.0121,25.8,665.64,27926.5769187669,31230.0041841767,35596.0019707349,False,False
29419882,2015 Mitsubishi RVR,2015,170000,-,QC,Manual,11000,8,64,0.04,0.0016,170,28900,11212.9836606775,13994.2861479536,16780.9147083952,True,False
29554940,"2017 Mitsubishi RVR SE *Caméra, Sièges chauff, Mags, Bluetooth",2017,53215,Laval,QC,Automatic,17490,6,36,0.06,0.0036,53.215,2831.836225,18002.9051214752,21897.5379609466,24483.9729170552,True,False
29464900,2020 Mitsubishi RVR ES/SE AUTO|CAM,2020,69879,Saint-Léonard,QC,Automatic,21995,3,9,0.09,0.0081,69.879,4883.074641,23469.5584562435,26061.9625420593,29762.8113133312,True,False
29486106,2017 Mitsubishi RVR,2017,218000,Repentigny,QC,Automatic,11500,6,36,0.06,0.0036,218,47524,11990.8973423818,14647.0138719744,17995.7864228461,True,False
29420443,2019 Mitsubishi RVR SE Black Edition AWC + CAMÉRA DE RECUL + APPLE CAR,2019,61739,St-Hubert,QC,Automatic,24988,4,16,0.08,0.0064,61.739,3811.704121,21623.5152699039,24724.1896513027,27983.2001149197,False,False
29531233,2018 Mitsubishi RVR GT 2.4L,2018,75740,Sherwood Park,AB,Automatic,24680,5,25,0.07,0.0049,75.74,5736.5476,19528.789903267,22562.5921757629,25568.7843963356,False,False
29466364,"2017 Mitsubishi RVR SE - Reverse Camera, Keyless Entry, Bluetooth, Cruise Control, Alloy Wheels & More!",2017,116000,Guelph,ON,Manual,16998,6,36,0.06,0.0036,116,13456,16760.0269263179,19341.7046490688,22285.5659648478,False,False
29506990,2014 Mitsubishi RVR SE NO ACCIDENTS 4WD BLUETOOTH POWER GROUP,2014,106555,Burlington,ON,Automatic,15988,9,81,0.03,0.0009,106.555,11353.968025,11960.2668793884,15403.865823482,17783.8650752435,False,False
29171285,2020 Mitsubishi RVR SE,2020,81670,Hamilton,ON,Automatic,23695,3,9,0.09,0.0081,81.67,6669.9889,23270.2262118096,25588.701160011,29358.8526460477,False,False
27364394,2015 Mitsubishi RVR ES AC,2015,130776,Gatineau,QC,Manual,11995,8,64,0.04,0.0016,130.776,17102.362176,12833.735448014,15757.5629223391,18374.8560284395,True,False
29294603,2013 Mitsubishi RVR SE,2013,139000,Montréal,QC,Automatic,12995,10,100,0.02,0.0004,139,19321,9356.73274297743,12663.4962895569,15140.7687296931,False,False
29456732,2021 Mitsubishi RVR SE AWD,2021,18700,Sherbrooke,QC,Automatic,27995,2,4,0.1,0.01,18.7,349.69,25831.4493129487,29724.662551572,33538.4279145043,False,False
29102283,2013 Mitsubishi RVR SE,2013,152867,Mascouche,QC,Automatic,8995,10,100,0.02,0.0004,152.867,23368.319689,8803.95510551955,12044.1062581727,14582.5363227658,False,False
29551991,2023 Mitsubishi RVR LE,2023,80,Oshawa,ON,Automatic,35990,0,0,0.12,0.0144,0.08,0.0064,29990.2185977114,33977.0683876113,38715.7770292196,False,False
29474206,2021 Mitsubishi RVR AWD SIEGES CHAUFFANTS CLIMATISATION MAGS CRUISE,2021,59624,Blainville,QC,Automatic,25991,2,4,0.1,0.01,59.624,3555.021376,25629.8923894628,28178.7966210366,32264.4325008667,False,False
29564891,2013 Mitsubishi RVR SE,2013,249000,Québec,QC,Automatic,8995,10,100,0.02,0.0004,249,62001,3241.71340112982,7408.87237603786,10260.6996633848,False,False
29554544,2016 Mitsubishi RVR SE | AWD | LTHR | HTD STS | ALLOYS | BT | CAMERA!!,2016,115296,Milton,ON,Automatic,19914,7,49,0.05,0.0025,115.296,13293.167616,15024.5469782539,17872.3136148711,20585.7093469322,False,False
29309759,2013 Mitsubishi RVR SE,2013,176294,Mirabel,QC,Automatic,7995,10,100,0.02,0.0004,176.294,31079.574436,7727.14555906732,10969.5052130119,13602.1192919657,False,False
29460126,2012 Mitsubishi RVR GT,2012,243754,Edmonton,AB,,10900,11,121,0.01,0.0001,243.754,59416.012516,2134.07822465704,6390.80857288583,9224.11579241628,False,True
28724984,2021 Mitsubishi RVR Heated Front Seats | Backup Camera,2021,58373,Grande Prairie,AB,Automatic,29652,2,4,0.1,0.01,58.373,3407.407129,25644.1738447763,28227.6538890946,32305.4979841495,False,False
28853360,2013 Mitsubishi RVR,2013,241199,-,AB,,7500,10,100,0.02,0.0004,241.199,58176.957601,3805.81784135511,7807.25328946491,10640.8546571518,False,False
29351116,2019 Mitsubishi RVR SE,2019,67372,Calgary,AB,,19995,4,16,0.08,0.0064,67.372,4538.986384,21548.965966171,24502.1745818519,27795.6152190596,True,False
29580724,2020 Mitsubishi RVR,2020,75000,Summerside,PE,Automatic,24995,3,9,0.09,0.0081,75,5625,23388.5740313849,25857.5208214967,29588.8259312449,False,False
29240333,"2015 Mitsubishi RVR SE CVT 4 portes, Encore garantie, Jamais accidenté",2015,133406,Repentigny,QC,CVT,13990,8,64,0.04,0.0016,133.406,17797.160836,12740.8089086677,15642.4401869439,18272.0937658586,False,False
29297192,2017 Mitsubishi RVR .,2017,62244,Lachine,QC,Automatic,9800,6,36,0.06,0.0036,62.244,3874.315536,17903.578983721,21545.6538754991,24188.5650888123,True,False
29552430,2019 Mitsubishi RVR SE AWD 4X4 2.4L,2019,101953,Cowansville,QC,Automatic,21984,4,16,0.08,0.0064,101.953,10394.414209,20863.7856607732,23094.3386291064,26584.6043604014,False,False
29466352,2013 Mitsubishi RVR GT,2013,150143,Scarborough,ON,Automatic,9250,10,100,0.02,0.0004,150.143,22542.920449,8917.50753594678,12166.7574446706,14693.491257766,False,False
29320612,2019 Mitsubishi RVR Limited,2019,89763,Calgary,AB,,21700,4,16,0.08,0.0064,89.763,8057.396169,21149.9722353275,23599.4185793809,27023.156519657,False,False
29387398,2023 Mitsubishi RVR ES,2023,72,Oshawa,ON,Automatic,26990,0,0,0.12,0.0144,0.072,0.005184,29990.1556814787,33977.3503952344,38715.9993509121,True,False
29362220,2013 Mitsubishi RVR AWD 4dr CVT SE,2013,170313,Toronto,ON,CVT,11800,10,100,0.02,0.0004,170.313,29006.517969,8019.13078541551,11247.2227165229,13856.8823900799,False,False
29494452,2016 Mitsubishi RVR SE+AWD,2016,224000,Laval,QC,Automatic,10995,7,49,0.05,0.0025,224,50176,9847.7746220311,12850.4805513162,15989.3804942328,False,False
29568127,2019 Mitsubishi RVR SE AWD,2019,80050,Sarnia,ON,Automatic,23995,4,16,0.08,0.0064,80.05,6408.0025,21343.1989744572,23994.9999999907,27363.50390645,False,False
29510753,2022 Mitsubishi RVR 2.4L SE AWC - CVT,2022,20000,London,ON,CVT,29300,1,1,0.11,0.0121,20,400,27924.2796372317,31443.0051714284,35768.499216842,False,False
29432165,2018 Mitsubishi RVR SE,2018,183807,Montréal,QC,Automatic,15495,5,25,0.07,0.0049,183.807,33785.013249,15792.3782488423,17848.3528136252,21367.676046711,True,False
29497129,2018 Mitsubishi RVR SE,2018,96534,Calgary,AB,Automatic,19700,5,25,0.07,0.0049,96.534,9318.813156,19106.7493940365,21714.063072744,24837.9675191344,False,False
29604717,2017 Mitsubishi RVR,2017,98000,-,NS,,20000,6,36,0.06,0.0036,98,9604,17248.2415279912,20100.4623666004,22950.2818015174,False,False
29499495,2019 Mitsubishi RVR SE AWC CAMERA DE RECUL +8 MAGS+ SIÈGES CHAUFFANTS,2019,93974,Mirabel,QC,Automatic,22992,4,16,0.08,0.0064,93.974,8831.112676,21056.6071249814,23426.0246561716,26873.0957762693,False,False
28813185,2018 Mitsubishi RVR SE,2018,40837,Calgary,AB,Automatic,24888,5,25,0.07,0.0049,40.837,1667.660569,19919.1347919658,23924.1141663801,26712.3967000676,False,False
29254571,"2021 Mitsubishi RVR ES | Heated Seats, Apple Carplay, Like-New, No Accidents",2021,10980,Maple Ridge,BC,Automatic,34299,2,4,0.1,0.01,10.98,120.5604,25808.0309398011,30004.1575228338,33762.7096830069,False,True
29571204,2019 Mitsubishi RVR SE,2019,66391,Oshawa,ON,Automatic,23990,4,16,0.08,0.0064,66.391,4407.764881,21562.695550363,24540.986317721,27828.4785817796,False,False
29367490,2014 Mitsubishi RVR GT AWD 4dr CVT GT,2014,117013,Ottawa,ON,CVT,14995,9,81,0.03,0.0009,117.013,13692.042169,11660.2430793303,14959.7979391102,17393.3891813627,False,False
29266957,2013 Mitsubishi RVR AWD 4dr CVT SE | $0 DOWN | EVERYONE APPROVED!,2013,182113,Calgary,AB,CVT,12988,10,100,0.02,0.0004,182.113,33165.144769,7431.83486303572,10697.0936659622,13351.3223961722,False,False
29494565,2017 Mitsubishi RVR SE,2017,114600,Ottawa,ON,Automatic,15995,6,36,0.06,0.0036,114.6,13133.16,16801.8014576944,19401.469242838,22338.259209032,True,False
29464194,2016 Mitsubishi RVR SE w/ Back Up Cam / Heated Seats / Bluetooth,2016,163735,Calgary,AB,Automatic,17888,7,49,0.05,0.0025,163.735,26809.150225,13195.3584747003,15728.7824541795,18662.3104170478,False,False
29511907,2020 Mitsubishi RVR GT,2020,25000,Quebec,QC,Automatic,30980,3,9,0.09,0.0081,25,625,23812.1516018509,27781.2054001656,31191.6785931555,False,False
29518617,"2019 Mitsubishi RVR SE LTD AWC, Démarreur, Banc chauffant et plus!!",2019,45107,Repentigny,QC,Automatic,24987,4,16,0.08,0.0064,45.107,2034.641449,21783.0431267965,25367.7591720474,28521.2387602437,False,False
29257132,2021 Mitsubishi RVR SE AWC,2021,39052,High River,AB,Automatic,31995,2,4,0.1,0.01,39.052,1525.058704,25799.7128596748,28969.398279911,32922.7462572263,False,False
29315826,2014 Mitsubishi RVR AWD,2014,270000,-,NB,,6900,9,81,0.03,0.0009,270,72900,3180.23450340255,7656.58845389262,10612.6861490619,False,False
29430519,2013 Mitsubishi RVR GT,2013,171876,Montreal,QC,Automatic,10455,10,100,0.02,0.0004,171.876,29541.359376,7943.95678349835,11174.8703649394,13790.6008652834,False,False
29507155,2016 Mitsubishi RVR Limited Edition 4WD ONE OWNER BT CAMERA,2016,100425,Burlington,ON,Automatic,18500,7,49,0.05,0.0025,100.425,10085.180625,15432.0808645766,18499.999999989,21135.9690887871,False,False
29440938,2020 Mitsubishi RVR ES FWD | APPLE CARPLAY | HEATED SEATS | BACKUP CAM,2020,51376,Waterloo,ON,Automatic,25550,3,9,0.09,0.0081,51.376,2639.493376,23690.6521197049,26786.534979141,30372.7692038113,False,False
29504222,2014 Mitsubishi RVR GT 4X4 1 PROPRIÉTAIRE,2014,231505,Pincourt,QC,Automatic,8999,9,81,0.03,0.0009,231.505,53594.565025,6035.08453491959,9636.49587681577,12507.2066251139,False,False
29466198,2020 Mitsubishi RVR SE 2.4L 4WD Htd Seats SXM Bluetooth,2020,38468,Edmonton,AB,Automatic,29500,3,9,0.09,0.0081,38.468,1479.787024,23778.5547402244,27278.9221527906,30780.9595734448,False,False
29387395,2023 Mitsubishi RVR ES,2023,85,Oshawa,ON,Automatic,27990,0,0,0.12,0.0144,0.085,0.007225,29990.2579097222,33976.8921307488,38715.6380753842,True,False
29357418,2016 Mitsubishi RVR ES AC,2016,118387,Gatineau,QC,Manual,13995,7,49,0.05,0.0025,118.387,14015.481769,14930.7556554456,17740.0543495155,20468.9629614509,True,False
29401720,2017 Mitsubishi RVR SE,2017,189435,Regina,SK,Automatic,16999,6,36,0.06,0.0036,189.435,35885.619225,13669.68625532,16029.4627810204,19286.7755224955,False,False
28614564,2014 Mitsubishi RVR SE BLUETOOTH SPORT ALLOYS HEAT SEATS...MINT,2014,175000,Toronto,ON,Automatic,13500,9,81,0.03,0.0009,175,30625,9347.33296716814,12369.4497032582,15058.6924586235,False,False
28247197,2019 Mitsubishi RVR SE-AWC | Heated Seats | Back up Camera,2019,44209,Grande Prairie,AB,Automatic,25627,4,16,0.08,0.0064,44.209,1954.435681,21789.0808725444,25401.9988793598,28549.616000171,False,False
29436623,2016 Mitsubishi RVR LIMITED 2.4L AWD MAG CAM RECUL,2016,128172,Saint-Jérôme,QC,Automatic,15995,7,49,0.05,0.0025,128.172,16428.061584,14613.2324557792,17317.3022763506,20094.0016299753,False,False
29510343,2018 Mitsubishi RVR SE,2018,83072,Lower Sackville,NS,Automatic,21990,5,25,0.07,0.0049,83.072,6900.957184,19396.1265076188,22266.58515587,25315.3150426321,False,False
29480309,2017 Mitsubishi RVR AWD 4dr 2.0L CVT SE,2017,178369,Edmonton,AB,CVT,17950,6,36,0.06,0.0036,178.369,31815.500161,14248.2922899625,16550.8645179262,19768.1600348309,False,False
29374403,2018 Mitsubishi RVR FWD,2018,94842,North York,ON,Automatic,19980,5,25,0.07,0.0049,94.842,8995.004964,19146.3786266769,21784.1507619985,24898.8149825239,False,False
29444450,2017 Mitsubishi RVR SE AWD/LTD/BACKUPCAM/HEATEDSEATS/BLUETOOTH,2017,95129,Edmonton,AB,Automatic,20999,6,36,0.06,0.0036,95.129,9049.526641,17316.3081713611,20219.5501971542,23053.743366452,False,False
29580040,2019 Mitsubishi RVR SE,2019,60203,Markham,ON,Automatic,25888,4,16,0.08,0.0064,60.203,3624.401209,21642.0416891589,24784.3730518118,28033.8799877538,False,False
29203349,2017 Mitsubishi RVR GT,2017,170876,Montréal,QC,Automatic,14995,6,36,0.06,0.0036,170.876,29198.607376,14617.3255303257,16899.4271483979,20088.172071095,False,False
29359648,2015 Mitsubishi RVR 2 RM,2015,110000,NOTRE-DAME-DES PRAIRIES,QC,Manual,13990,8,64,0.04,0.0016,110,12100,13488.259252108,16651.2932697815,19165.8583152237,False,False
29584907,2019 Mitsubishi RVR Other,2019,58500,Dartmouth,NS,Automatic,25900,4,16,0.08,0.0064,58.5,3422.25,21661.6799013132,24850.9217924199,28089.8342589664,False,False
29096790,2013 Mitsubishi RVR SE,2013,125172,Winnipeg,MB,Automatic,14499,10,100,0.02,0.0004,125.172,15668.029584,9845.29878296631,13268.7835317098,15681.0656976969,False,False
29392034,2021 Mitsubishi RVR SE AWD *SIÈGES CHAUFFANTS* ALERTES CAMÉRA,2021,58468,Saint-Jérôme,QC,Automatic,26495,2,4,0.1,0.01,58.468,3418.507024,25643.1072893852,28223.947249469,32302.3841951844,False,False
29437397,2020 Mitsubishi RVR ES TA,2020,55280,Rockland,ON,Automatic,27995,3,9,0.09,0.0081,55.28,3055.8784,23653.3277864429,26635.494982989,30246.5080402845,False,False
29201411,"2015 Mitsubishi RVR SE,Heated Seats,BackUp Camera,Bluetooth,Cruis Ctrl,Alloy,Manual Trans.*Certified*",2015,156308,Mississauga,ON,Manual,12488,8,64,0.04,0.0016,156.308,24432.190864,11835.9380072909,14621.080026478,17352.2538967711,False,False
29320658,2018 Mitsubishi RVR SE AWC,2018,58000,Blainville,QC,Automatic,22500,5,25,0.07,0.0049,58,3364,19777.0032936693,23264.4344541533,26163.0544777513,False,False
29397248,2011 Mitsubishi RVR,2011,176000,Winnipeg,MB,Manual,9800,12,144,0,0,176,30976,4830.26778303482,8463.67829387367,11137.501900807,False,False
28907693,2021 Mitsubishi RVR ES 2.0L AWD | Apple CarPlay/Android Auto | Heated Seats,2021,26884,Winnipeg,MB,Automatic,29698,2,4,0.1,0.01,26.884,722.749456,25834.9800761082,29424.1678701936,33295.1038937274,False,False
29466904,2021 Mitsubishi RVR SE| AWD | Heated Bucket Seats | Blind Spot Warning | Back Up Camera,2021,49402,Saskatoon,SK,Automatic,29998,2,4,0.1,0.01,49.402,2440.557604,25731.5838167783,28575.0526430452,32596.0624411155,False,False
29159436,2012 Mitsubishi RVR SE aut tout equipe etat impeccable doccasion,2012,133118,Montreal,QC,Automatic,10500,11,121,0.01,0.0001,133.118,17720.401924,8083.02445918964,11636.0763796786,14079.7890238513,False,False
29232322,2023 Mitsubishi RVR ES,2023,0,Calgary,AB,Automatic,30618,0,0,0.12,0.0144,0,0,29989.5884929938,33979.8882779305,38718,False,False
29175123,2019 Mitsubishi RVR SE-BACK-UP CAMERA - BLUETOOTH,2019,76547,Calgary,AB,Automatic,24995,4,16,0.08,0.0064,76.547,5859.443209,21405.3119208053,24136.1724470672,27484.2720518853,False,False
29382662,2015 Mitsubishi RVR Sport,2015,149000,Lower Sackville,NS,Automatic,14990,8,64,0.04,0.0016,149,22201,12143.3262911159,14950.6730506731,17650.6436020691,False,False
29441635,2023 Mitsubishi RVR SE,2023,10959,Peterborough,ON,Automatic,31995,0,0,0.12,0.0144,10.959,120.099681,30056.3989549762,33589.7504592409,38408.3859911344,False,False
29257738,2021 Mitsubishi RVR ES,2021,71512,Windsor,ON,Automatic,27750,2,4,0.1,0.01,71.512,5113.966144,25468.6233890805,27709.4744176316,31867.5207180796,False,False
29232583,2018 Mitsubishi RVR ES,2018,114418,Boischatel,QC,Manual,20800,5,25,0.07,0.0049,114.418,13091.478724,18630.5994882949,20961.9545302383,24179.8648212885,False,False
29480918,2016 Mitsubishi RVR CVT SE A/C SIEGES CHAUFFANTS MAGS CRUISE,2016,133481,Chambly,QC,CVT,14999,7,49,0.05,0.0025,133.481,17817.177361,14427.8447425805,17085.3452917605,19887.1362806813,False,False
29293044,2020 Mitsubishi RVR ES 4WD Heated Seats,2020,70293,Leduc,AB,Automatic,27695,3,9,0.09,0.0081,70.293,4941.105849,23463.3302104782,26045.4976374446,29748.8289857001,False,False
29334247,2018 Mitsubishi RVR SE,2018,46700,Edmonton,AB,Automatic,25989,5,25,0.07,0.0049,46.7,2180.89,19881.4211246816,23700.9013710318,26527.5687487051,False,False
29320895,2019 Mitsubishi RVR SE AWC,2019,52800,Ottawa,ON,Automatic,23450,4,16,0.08,0.0064,52.8,2787.84,21720.5058316859,25072.3007603384,28275.3119188845,False,False
29308395,2016 Mitsubishi RVR SE LIMITED EDITION AWD AUTO SIÈGE CAMERA 83 990 KM,2016,83990,Lévis,QC,Automatic,19995,7,49,0.05,0.0025,83.99,7054.3201,15798.2961618405,19177.09418943,21722.1133515195,False,False
29299763,2019 Mitsubishi RVR GT Premium,2019,44556,Charlottetown,PE,Automatic,25995,4,16,0.08,0.0064,44.556,1985.237136,21786.7790831699,25388.7743395648,28538.6588006693,False,False
29339051,2018 Mitsubishi RVR Sold to nice people...pending delivery!,2018,162391,Whitby,ON,Automatic,17688,5,25,0.07,0.0049,162.391,26370.836881,16836.448531639,18842.4854239705,22279.5248637204,False,False
29113628,2021 Mitsubishi RVR,2021,68480,London,ON,Automatic,28340,2,4,0.1,0.01,68.48,4689.5104,25514.147723556,27830.0403550748,31969.8993702565,False,False
27511090,2014 Mitsubishi RVR GT AWD 4dr CVT GT,2014,156782,Ottawa,ON,CVT,15495,9,81,0.03,0.0009,156.782,24580.595524,10192.5258613476,13206.6540858453,15823.153980419,False,False
29106262,2020 Mitsubishi RVR ES,2020,71917,Truro,NS,Automatic,26499,3,9,0.09,0.0081,71.917,5172.054889,23438.3571374207,25980.8038428741,29693.8389996469,False,False
29211078,2022 Mitsubishi RVR ES 4WD,2022,39742,Edmonton,AB,Automatic,29364,1,1,0.11,0.0121,39.742,1579.426564,27887.0667469328,30709.110015058,35169.5922203368,False,False
29137679,2015 Mitsubishi RVR AWD AIR CLIMATISE SIEGES AVANT CHAUFFANTS CRUISE,2015,171014,Laval,QC,Automatic,13222,8,64,0.04,0.0016,171.014,29245.788196,11164.4092791024,13947.3858420465,16737.9653248342,False,False
29202897,2021 Mitsubishi RVR ES | 4WD/BACKUP CAM/CARPLAY&ANDROID AUTO/KEYLESS ENTRY,2021,63675,Sherwood Park,AB,Automatic,29880,2,4,0.1,0.01,63.675,4054.505625,25580.1319757308,28019.8933082639,32130.5360210195,False,False
29262187,2020 Mitsubishi RVR 4WD,2020,69387,Edmonton,AB,Automatic,28698,3,9,0.09,0.0081,69.387,4814.555769,23476.8872103588,26081.5151428613,29779.4089440592,False,False
29015193,2015 Mitsubishi RVR SE / MANUEL / AIR CLIMATISER / 7499$,2015,201000,Anjou,QC,Manual,7499,8,64,0.04,0.0016,201,40401,9575.88222993069,12530.4472780678,15428.143003778,True,False
29203265,2020 Mitsubishi RVR 2020 Mitsubishi RVR SE in grey is a compact SUV that offers a versatile and efficient driving experience. With its stylish desig,2020,76313,Edmonton,AB,Automatic,27411,3,9,0.09,0.0081,76.313,5823.673969,23366.4278635843,25804.8302721223,29543.8559034944,False,False
28214857,2020 Mitsubishi RVR GT | Backup Cam | Remote Start |,2020,120644,Edmonton,AB,Automatic,26789,3,9,0.09,0.0081,120.644,14554.974736,22287.6490767328,23960.522401801,27939.0580660998,False,False
29523082,2022 Mitsubishi RVR SE AWD/AWC * HEATED FRONT SEATS * TOUCHSCREEN * 2.4L *,2022,35097,Edmonton,AB,Automatic,30165,1,1,0.11,0.0121,35.097,1231.799409,27907.2955965029,30884.0480722309,35313.502861921,False,False
29169935,2021 Mitsubishi RVR ES AWC,2021,65000,Millbrook,NS,Automatic,28895,2,4,0.1,0.01,65,4225,25562.6909297445,27967.6893434988,32086.4367977359,False,False
29263518,2023 Mitsubishi RVR SE AWC,2023,0,Kentville,NS,Automatic,31298,0,0,0.12,0.0144,0,0,29989.5884929938,33979.8882779305,38718,False,False
29310648,2021 Mitsubishi RVR Alberta Vehicle- Clean Carfax- No Accidents or Claims!!,2021,40242,Airdrie,AB,Automatic,30495,2,4,0.1,0.01,40.242,1619.418564,25793.6630742706,28924.409883111,32885.65132013,False,False
29182160,2019 Mitsubishi RVR SE,2019,65503,Red Deer,AB,Automatic,26888,4,16,0.08,0.0064,65.503,4290.643009,21574.8520150872,24576.0650852382,27858.1555341338,False,False
29013209,2011 Mitsubishi RVR 4WD 4dr SE(GARANTIE 1 AN INCL;US),2011,198000,Saint-Jérôme,QC,Automatic,7995,12,144,0,0,198,39204,3657.6556380094,7422.69465684088,10174.6499659769,False,False
29108415,"2014 Mitsubishi RVR GT AWD, GLASS ROOF",2014,209000,West St. Paul,MB,Automatic,13750,9,81,0.03,0.0009,209,43681,7479.48697051523,10749.6828176876,13556.1192130201,False,True
28893072,2011 Mitsubishi RVR,2011,239000,-,ON,,2500,12,144,0,0,239,57121,1049.72968787169,5399.30963435694,8269.86378876515,False,False
29297656,2023 Mitsubishi RVR SEL AWC,2023,0,Kentville,NS,Automatic,33198,0,0,0.12,0.0144,0,0,29989.5884929938,33979.8882779305,38718,False,False
28965624,2012 Mitsubishi RVR GT AWD GARANTIE 1 ANS,2012,188000,Montreal,QC,Automatic,7995,11,121,0.01,0.0001,188,35344,5632.62246787192,9132.87570612089,11801.8473533724,False,False
29368665,2021 Mitsubishi RVR ES,2021,28462,Hamilton,ON,Automatic,27786,2,4,0.1,0.01,28.462,810.085444,25833.140549148,29365.7307128384,33247.5290285219,False,False
29354717,2017 Mitsubishi RVR SE | Cam | USB | HtdSeats | Warranty to 2027,2017,85000,Antigonish,NS,Automatic,19995,6,36,0.06,0.0036,85,7225,17534.9063375082,20635.4466433498,23413.1328014962,False,False
29414550,2018 Mitsubishi RVR,2018,157033,Portage la Prairie,MB,Automatic,19900,5,25,0.07,0.0049,157.033,24659.363089,17074.1904952245,19086.5740362385,22501.5270599236,False,False
29265918,2023 Mitsubishi RVR ES AWC,2023,11166,Drayton Valley,AB,Automatic,30801,0,0,0.12,0.0144,11.166,124.679556,30057.2827492866,33582.3067054451,38402.4390484049,False,False
29203185,"2022 Mitsubishi RVR SE AWD, Heated Seats, Backup Cam",2022,25563,Calgary,AB,Automatic,38996,1,1,0.11,0.0121,25.563,653.466969,27926.6987549157,31238.7503994758,35603.1069061034,False,True
29471392,2018 Mitsubishi RVR SE,2018,83000,Banff,AB,Automatic,23500,5,25,0.07,0.0049,83,6889,19397.5147797749,22269.5088066604,25317.8264409766,False,False
28755305,2013 Mitsubishi RVR,2013,252000,-,NB,,4500,10,100,0.02,0.0004,252,63504,3019.47652877537,7254.62273559619,10113.1202577183,False,False
28954284,2014 Mitsubishi RVR AWD 4dr CVT SE,2014,134416,Toronto,ON,CVT,15777,9,81,0.03,0.0009,134.416,18067.661056,11081.6494874357,14205.181554317,16722.8842227571,False,False
29517976,2020 Mitsubishi RVR SE,2020,78328,Calgary,AB,Automatic,28888,3,9,0.09,0.0081,78.328,6135.275584,23331.3440182646,25723.7520946626,29474.5559279994,False,False
29152143,"2021 Mitsubishi RVR APPLE CARPLAY, 4WD, NO ACCIDENTS",2021,44021,St. Albert,AB,Automatic,27497,2,4,0.1,0.01,44.021,1937.848441,25771.3789580709,28780.9372869274,32767.049074804,False,False
28833744,2011 Mitsubishi RVR,2011,191000,-,QC,,4500,12,144,0,0,191,36481,4047.93849893026,7757.3057501028,10485.4989492518,False,False
28487530,2022 Mitsubishi RVR SE AWC,2022,27788,Carleton Place,ON,Automatic,27995,1,1,0.11,0.0121,27.788,772.172944,27924.8312406682,31156.4965380701,35536.2154312814,False,False
29235006,2017 Mitsubishi RVR ES Low KMS!!,2017,103472,Lethbridge,AB,Manual,18500,6,36,0.06,0.0036,103.472,10706.454784,17111.0402458846,19872.0126747126,22751.1376972188,False,False
29180931,2018 Mitsubishi RVR SE,2018,96169,Charlottetown,PE,Automatic,22995,5,25,0.07,0.0049,96.169,9248.476561,19115.3774983988,21729.1980952329,24851.1142953518,False,False
28276970,2017 Mitsubishi RVR LIMITED EDITION AWD 4dr 2.4L CVT,2017,86416,Scarborough,ON,CVT,20950,6,36,0.06,0.0036,86.416,7467.725056,17506.3656017349,20577.7039385732,23363.4185995217,False,False
28487520,2022 Mitsubishi RVR SE AWC,2022,27788,Cornwall,ON,Automatic,27995,1,1,0.11,0.0121,27.788,772.172944,27924.8312406682,31156.4965380701,35536.2154312814,False,False
29015195,2011 Mitsubishi RVR SE /AUTOMATIQUE / AIR CLIMATISER / 5999$,2011,258000,Anjou,QC,Automatic,5999,12,144,0,0,258,66564,-345.336182361876,4424.84825486381,7338.44195578011,False,False
29290238,2021 Mitsubishi RVR SE - AWD | Heated Seats,2021,41117,Saskatoon,SK,Automatic,29997,2,4,0.1,0.01,41.117,1690.607689,25788.9190807501,28891.2718600765,32858.2984172279,False,False
29121786,2011 Mitsubishi RVR,2011,157000,-,ON,,7000,12,144,0,0,157,24649,5715.52647813774,9337.56626456523,11935.7665481011,False,False
27688817,2018 Mitsubishi RVR SE AWC,2018,137350,Saint-Jean-Sur-Richelieu,QC,Automatic,17497,5,25,0.07,0.0049,137.35,18865.0225,17866.9125963681,19967.3427037061,23296.0056527941,True,False
29117016,2018 Mitsubishi RVR SE Limited Edition,2018,143016,Saskatoon,SK,Automatic,22495,5,25,0.07,0.0049,143.016,20453.576256,17651.7114518529,19716.3657310259,23070.6988596036,False,False
28478725,2020 Mitsubishi RVR ES AWC,2020,85001,Saskatoon,SK,Automatic,26688,3,9,0.09,0.0081,85.001,7225.170001,23205.6728980861,25453.3773044975,29242.5803275122,False,False
29007958,2021 Mitsubishi RVR ES,2021,64650,Saint John,NB,Automatic,27395,2,4,0.1,0.01,64.65,4179.6225,25567.3538302345,27981.4900843781,32098.1002319324,False,False
28246285,2021 Mitsubishi RVR ES,2021,69500,Moncton,NB,Automatic,27988,2,4,0.1,0.01,69.5,4830.25,25499.1685748663,27789.5468130244,31935.5457022338,False,False
29570499,2011 Mitsubishi RVR,2011,190000,-,QC,,6750,12,144,0,0,190,36100,4102.38431741651,7804.84912327863,10529.5640798902,False,False
28644866,2021 Mitsubishi RVR ES AWD / Heated Seats / Backup Camera,2021,75650,Guelph,ON,Automatic,26699,2,4,0.1,0.01,75.65,5722.9225,25401.6386772046,27543.971328123,31726.5289427123,False,False
29087257,2023 Mitsubishi RVR GT AWC,2023,0,Saint John,NB,Automatic,39537,0,0,0.12,0.0144,0,0,29989.5884929938,33979.8882779305,38718,False,True
29265356,2022 Mitsubishi RVR ES,2022,73288,Edmonton,AB,Automatic,29599,1,1,0.11,0.0121,73.288,5371.130944,27531.3656580653,29404.36338119,34075.5273685394,False,False
28799492,2023 Mitsubishi RVR GT AWC,2023,0,Kentville,NS,Automatic,38098,0,0,0.12,0.0144,0,0,29989.5884929938,33979.8882779305,38718,False,False
29297432,2011 Mitsubishi RVR,2011,187800,-,ON,,12000,12,144,0,0,187.8,35268.84,4221.01330726696,7909.21731807869,10626.2065243592,False,True
28963581,"2019 Mitsubishi RVR SE: AWD, HEATED SEATS, BACK UP CAMERA!",2019,62846,Spruce Grove,AB,Automatic,25629,4,16,0.08,0.0064,62.846,3949.619716,21609.6845328384,24680.7208520218,27946.5499428524,False,False
28293124,"2016 Mitsubishi RVR AWD,Bluetooth,A/C,Contrôle Volant",2016,70683,Trois-Rivières,QC,,18995,7,49,0.05,0.0025,70.683,4996.086489,16030.0585004997,19712.5458032214,22179.7865230606,False,False
28972219,2021 Mitsubishi RVR ES AWC,2021,81752,Edmonton,AB,Automatic,24995,2,4,0.1,0.01,81.752,6683.389504,25292.6382641344,27297.8994877574,31515.9487138357,True,False
28180173,2019 Mitsubishi RVR SE 4WD * Back Up Camera * Heated Cloth Seats * Cruise Control * Steering Wheel Controls * Hands Free Calling * Sport Mode * Keyl,2019,88688,Cambridge,ON,Automatic,22995,4,16,0.08,0.0064,88.688,7865.561344,21172.8771309161,23643.4998263303,27061.2217632978,False,False
28078732,2017 Mitsubishi RVR Other,2017,55618,Kitchener,ON,Automatic,22985,6,36,0.06,0.0036,55.618,3093.361924,17979.0752576211,21804.4005899473,24406.0327724424,False,False
28908866,2020 Mitsubishi RVR ES 4WD Heated Cloth Seats,2020,82666,Leduc,AB,Automatic,25432,3,9,0.09,0.0081,82.666,6833.667556,23251.3046702896,25548.3131318607,29324.1855240084,False,False
29024185,2020 Mitsubishi RVR SE,2020,76451,Calgary,AB,Automatic,28888,3,9,0.09,0.0081,76.451,5844.755401,23364.0674781038,25799.2858839313,29539.1208700086,False,False
28784561,"2021 Mitsubishi RVR SE: AWD, AIR, HEATED SEATS, AUTOMATIC!",2021,65985,Spruce Grove,AB,Automatic,27629,2,4,0.1,0.01,65.985,4354.020225,25549.3530531174,27928.8076728749,32053.5563681822,False,False
29037114,2013 Mitsubishi RVR,2013,173288,-,AB,,11500,10,100,0.02,0.0004,173.288,30028.730944,7875.35799873874,11109.372324176,13730.5432278822,False,False
28975780,2018 Mitsubishi RVR GT,2018,77120,Saint John,NB,Automatic,21753,5,25,0.07,0.0049,77.12,5947.4944,19505.1643734766,22507.1440178688,25521.4284001604,False,False
27745345,2020 Mitsubishi RVR SE AWC,2020,76025,Brossard,QC,Automatic,23740,3,9,0.09,0.0081,76.025,5779.800625,23371.3338125354,25816.397209284,29553.7324696363,False,False
29003856,2021 Mitsubishi RVR ES | 4WD | Cloth | Heated Seats,2021,78738,Mississauga,ON,Automatic,25895,2,4,0.1,0.01,78.738,6199.672644,25348.0002888161,27419.7437346256,31620.3596864105,False,False
29042394,2021 Mitsubishi RVR ES,2021,64866,Truro,NS,Automatic,27499,2,4,0.1,0.01,64.866,4207.597956,25564.4808900167,27972.9739899306,32090.903463703,False,False
28167794,2018 Mitsubishi RVR SE LTD AWC,2018,33300,Saint-Jean-Sur-Richelieu,QC,Automatic,23997,5,25,0.07,0.0049,33.3,1108.89,19951.0925698775,24207.7987503234,26945.6807185268,False,False
29071949,2021 Mitsubishi RVR SE,2021,62635,Richmond,BC,Automatic,26777,2,4,0.1,0.01,62.635,3923.143225,25593.4191375434,28060.7891085532,32165.0446439925,False,False
28105336,2017 Mitsubishi RVR SE,2017,166831,Calgary,AB,Automatic,20371,6,36,0.06,0.0036,166.831,27832.582561,14808.9075417049,17086.0878355272,20258.9320485993,False,True
29031488,2012 Mitsubishi RVR Se,2012,181000,-,ON,,6000,11,121,0.01,0.0001,181,32761,6000,9462.96809680507,12106.7136646329,False,False
28600662,2021 Mitsubishi RVR ES,2021,65602,Calgary,AB,Automatic,26498,2,4,0.1,0.01,65.602,4303.622404,25554.5769756477,27943.9335714256,32066.3512002519,False,False
29287421,2012 Mitsubishi RVR SE,2012,216000,-,AB,,11000,11,121,0.01,0.0001,216,46656,4002.7750378102,7780.87522534003,10540.5034042298,False,True
28917931,2017 Mitsubishi RVR SE LIMITED | AWD | B/U CAMERA | HTD SEATS,2017,53250,Surrey,BC,Automatic,21997,6,36,0.06,0.0036,53.25,2835.5625,18002.5715964382,21896.1840783885,24482.8412506982,False,False
29259145,2011 Mitsubishi RVR ES,2011,133000,Gatineau,QC,Manual,5500,12,144,0,0,133,17689,6664.9029926404,10408.1154605725,12900,True,False
28966909,2011 Mitsubishi RVR GT,2011,201000,Newmarket,ON,Automatic,8000,12,144,0,0,201,40401,3485.4832700163,7278.32160917626,10040.1469719989,False,False
28276582,2021 Mitsubishi RVR SE Back Up Camera | Heated Seats,2021,72837,Winnipeg,MB,Automatic,26855,2,4,0.1,0.01,72.837,5305.228569,25447.7844929968,27656.6001340017,31822.5340059994,False,False
26297118,2020 Mitsubishi RVR SE AWD,2020,51317,Southey,SK,Automatic,24995,3,9,0.09,0.0081,51.317,2633.434489,23691.1779366593,26788.8100552517,30374.6673597296,False,False
29004223,2020 Mitsubishi RVR AWD | Heated Seats,2020,78505,Dartmouth,NS,Automatic,27466,3,9,0.09,0.0081,78.505,6163.035025,23328.1987336396,25716.61756824,29468.4519557466,False,False
26960168,2016 Mitsubishi RVR SE Limited Edition,2016,126404,Pembroke,ON,Automatic,20544,7,49,0.05,0.0025,126.404,15977.971216,14672.9230567776,17394.1446051263,20162.3571189321,False,True
28744669,2013 Mitsubishi RVR,2013,164000,-,ON,,9000,10,100,0.02,0.0004,164,26896,8314.62578900631,11537.8510317795,14122.4705382175,False,False
28925423,2011 Mitsubishi RVR,2011,178000,-,AB,,9650,12,144,0,0,178,31684,4730.21105859668,8370.33447565913,11051.6792415928,False,False
28882897,2021 Mitsubishi RVR SE AWC | HEATED SEATS | CARPLAY | BSM |S,2021,62683,Guelph,ON,Automatic,27337,2,4,0.1,0.01,62.683,3929.158489,25592.8136743508,28058.9031469536,32163.453973109,False,False
29323348,2019 Mitsubishi RVR,2019,75753,Mississauga,ON,Automatic,24995,4,16,0.08,0.0064,75.753,5738.517009,21418.8324130852,24168.0608763692,27511.4999066893,False,False
29609742,2011 Mitsubishi RVR GT,2011,134000,Red Deer,AB,Automatic,12500,12,144,0,0,134,17956,6629.10865617113,10364.2516023529,12860.8064737161,False,False
26872147,2018 Mitsubishi RVR GT,2018,47441,North Bay,ON,Automatic,26504,5,25,0.07,0.0049,47.441,2250.648481,19875.8540188027,23672.5324943837,26504,False,False
29608758,2014 Mitsubishi RVR,2014,181000,-,QC,,7900,9,81,0.03,0.0009,181,32761,9045.19947995719,12089.0309312508,14800.7116805224,True,False
29559267,2017 Mitsubishi RVR SE Limited,2017,64500,Montreal,QC,Automatic,21000,6,36,0.06,0.0036,64.5,4160.25,17874.595872774,21456.9098451809,24113.6660816407,False,False
29494568,2018 Mitsubishi RVR,2018,32100,-,ON,,30000,5,25,0.07,0.0049,32.1,1030.41,19954.4653654867,24252.6270621327,26982.3748928267,False,True
29608571,2021 Mitsubishi RVR SE 4DR AWC,2021,51416,Calgary,AB,Automatic,34995,2,4,0.1,0.01,51.416,2643.605056,25714.2525734562,28497.5134543192,32531.4291347153,False,True
29605284,2013 Mitsubishi RVR SE,2013,86400,Langford,BC,Automatic,12000,10,100,0.02,0.0004,86.4,7464.96,10881.5110966098,14900.1092016797,17108.8407579769,False,False
27784460,2020 Mitsubishi RVR SE,2020,11800,-,ON,Automatic,27000,3,9,0.09,0.0081,11.8,139.24,23787.4864983675,28262.1318258025,31579.1818080338,False,False
29339906,2014 Mitsubishi RVR GT,2014,193600,-,AB,Automatic,10900,9,81,0.03,0.0009,193.6,37480.96,8372.3756364151,11492.5872019201,14248.9370535583,False,False
29516598,2019 Mitsubishi RVR SE AWC,2019,101000,-,QC,Automatic,21500,4,16,0.08,0.0064,101,10201,20887.9114650976,23134.170835241,26619.3474830831,False,False
28991085,2016 Mitsubishi RVR 168000km,2016,168000,-,AB,,9500,7,49,0.05,0.0025,168,28224,12997.5239039492,15532.7917405048,18483.3515668491,True,False
29503244,2017 Mitsubishi RVR,2017,94000,Boucherville,QC,Automatic,18500,6,36,0.06,0.0036,94,8836,17342.3360264552,20266.2348653839,23094.2358951937,False,False
29506486,2011 Mitsubishi RVR SE,2011,232000,Saint-Jérôme,QC,Automatic,7750,12,144,0,0,232,53824,1533.92439684292,5752.44740818757,8605.24172729888,False,False
29471167,2015 Mitsubishi RVR SE Limited,2015,189861,Spruce Grove,AB,Automatic,15000,8,64,0.04,0.0016,189.861,36047.199321,10200.3253432822,13063.5782110022,15923.6783992379,False,False
29437116,2013 Mitsubishi RVR GT,2013,139000,-,ON,Automatic,11900,10,100,0.02,0.0004,139,19321,9356.73274297743,12663.4962895569,15140.7687296931,False,False
29316072,2014 Mitsubishi RVR SE,2014,115000,Whitby,ON,Automatic,14499,9,81,0.03,0.0009,115,13225,11720.7742534248,15045.8226932765,17469.2760883706,False,False
29284957,2011 Mitsubishi RVR SE,2011,153000,-,AB,,11000,12,144,0,0,153,23409,5886.84465653168,9518.57324632515,12099.8907931401,False,False
29283868,2013 Mitsubishi RVR,2013,150000,-,ON,,9000,10,100,0.02,0.0004,150,22500,8923.40154490219,12173.1829489704,14699.2984646596,False,False
29179070,2013 Mitsubishi RVR SE,2013,150750,-,AB,,12500,10,100,0.02,0.0004,150.75,22725.5625,8892.41442729976,12139.4680577413,14668.8216314798,False,False
29458969,2017 Mitsubishi RVR SE,2017,53000,Montréal,QC,Automatic,17500,6,36,0.06,0.0036,53,2809,18004.9451241208,21905.8529332303,24490.9222849008,True,False
29200090,2022 Mitsubishi RVR,2022,22000,-,NB,,27500,1,1,0.11,0.0121,22,484,27926.3152354128,31369.8018561318,35709.3421814631,True,False
29544974,2014 Mitsubishi RVR GT,2014,230000,-,AB,Automatic,10500,9,81,0.03,0.0009,230,52900,6136.84842180687,9711.95926856887,12578.7022230878,False,False
29385868,2017 Mitsubishi RVR SE Limited Edition,2017,74500,Chapleau,ON,Automatic,19500,6,36,0.06,0.0036,74.5,5550.25,17726.0726570438,21059.5851151235,23776.4295343615,False,False
29459343,2018 Mitsubishi RVR SE,2018,133000,Danville,QC,Automatic,17500,5,25,0.07,0.0049,133,17689,18025.0021593225,20158.6208354853,23467.1202241857,True,False
29111689,2014 Mitsubishi RVR,2014,250000,-,NB,,8900,9,81,0.03,0.0009,250,62500,4723.98525915549,8697.18444002427,11612.7875346872,False,False
29329758,2018 Mitsubishi RVR,2018,46000,Ottawa,ON,Automatic,25000,5,25,0.07,0.0049,46,2116,19886.5151661672,23727.6680224891,26549.7903184433,False,False
29412764,2013 Mitsubishi RVR GT,2013,170381,-,AB,,11500,10,100,0.02,0.0004,170.381,29029.685161,8015.87689196129,11244.078230691,13854.0030851631,False,False
29536782,2020 Mitsubishi RVR,2020,141000,-,NS,Automatic,26000,3,9,0.09,0.0081,141,19881,21576.8573723877,23071.1486995456,27145.8937250809,False,False
29087906,2021 Mitsubishi RVR,2021,58780,-,MB,,20000,2,4,0.1,0.01,58.78,3455.0884,25639.5837211552,28211.7697660009,32292.1524302342,True,False
29405429,2011 Mitsubishi RVR,2011,210000,-,ON,,10500,12,144,0,0,210,44100,2951.29634096829,6841.71660990815,9632.02278593946,False,True
29579624,2019 Mitsubishi RVR SE,2019,73824,Yorkton,SK,Automatic,27995,4,16,0.08,0.0064,73.824,5449.982976,21450.8206712512,24245.3633542103,27577.424727049,False,True
29535090,2017 Mitsubishi RVR Limited,2017,91000,Laval,QC,,17795,6,36,0.06,0.0036,91,8281,17409.4711009843,20389.8864340849,23201.3040646487,False,False
29436021,2019 Mitsubishi RVR SE Black Edition,2019,120000,Peterborough,ON,Automatic,24999,4,16,0.08,0.0064,120,14400,20350.8137676449,22328.967143731,25912.0194504071,False,False
29480430,2014 Mitsubishi RVR SE,2014,140000,Surrey,BC,Automatic,14200,9,81,0.03,0.0009,140,19600,10874.998689106,13958.9091718797,16502.2579427323,False,False
29271456,2011 Mitsubishi RVR GT,2011,158000,Mascouche,QC,Automatic,9500,12,144,0,0,158,24964,5671.87888608238,9292.15313689033,11894.5218199837,False,False
29583959,2014 Mitsubishi RVR SE,2014,178970,Red Deer,AB,Automatic,12997,9,81,0.03,0.0009,178.97,32030.2609,9148.73985504885,12184.1660682272,14888.3395696278,False,False
29250779,2012 Mitsubishi RVR,2012,142000,-,AB,,5000,11,121,0.01,0.0001,142,20164,7753.30225146898,11244.1503275851,13728.5908731291,True,False
29093589,2018 Mitsubishi RVR SE,2018,108658,Winnipeg,MB,Automatic,21599,5,25,0.07,0.0049,108.658,11806.560964,18795.3812985543,21206.4443401975,24394.8078939637,False,False
29382152,2014 Mitsubishi RVR,2014,232000,-,QC,,7990,9,81,0.03,0.0009,232,53824,6001.4520472313,9611.64373780582,12483.6491556228,False,False
29016362,2013 Mitsubishi RVR,2013,160000,Granby,QC,Automatic,13500,10,100,0.02,0.0004,160,25600,8495.10609891735,11720.6654945705,14288.9878520622,False,False
28788508,2011 Mitsubishi RVR,2011,100623,-,MB,Automatic,13000,12,144,0,0,100.623,10124.988129,7647.01209737241,11793.4161483836,14122.7891052364,False,False
28888543,2013 Mitsubishi RVR,2013,206000,-,NS,,5750,10,100,0.02,0.0004,206,42436,6103.48899760003,9555.94107690113,12291.47786905,True,False
27580822,2015 Mitsubishi RVR,2015,238000,-,NS,Automatic,8950,8,64,0.04,0.0016,238,56644,7210.28097744452,10702.0772153347,13706.0273548496,False,False
28887445,2015 Mitsubishi RVR Gt,2015,155000,-,QC,,10995,8,64,0.04,0.0016,155,24025,11892.2389652146,14680.3245301246,17405.9956358858,True,False
28953025,2012 Mitsubishi RVR,2012,192200,-,QC,,7300,11,121,0.01,0.0001,192.2,36940.84,5404.49975812071,8933.30198764426,11616.9173888192,False,False
28704318,2013 Mitsubishi RVR,2013,267300,-,SK,,8750,10,100,0.02,0.0004,267.3,71449.29,1840.25945827701,6458.91248695268,9348.50037212395,False,False
28761406,2013 Mitsubishi RVR SE,2013,165000,Sherwood Park,AB,Automatic,12900,10,100,0.02,0.0004,165,27225,8268.68766407166,11491.9860338469,14080.6275428987,False,False
28844839,2011 Mitsubishi RVR,2011,161581,-,AB,,11000,12,144,0,0,161.581,26108.419561,5512.89291705063,9128.99924574311,11746.1234263953,False,False
29008169,2012 Mitsubishi RVR Se,2012,162500,-,QC,,8950,11,121,0.01,0.0001,162.5,26406.25,6893.74355735282,10320.1287154629,12892.2723049445,False,False
28384854,2018 Mitsubishi RVR SE,2018,210000,-,NS,Automatic,14500,5,25,0.07,0.0049,210,44100,14311.3955076504,16592.2219848209,20199.1430101252,False,False
28321091,2017 Mitsubishi RVR,2017,142500,Edmonton,AB,Automatic,17000,6,36,0.06,0.0036,142.5,20306.25,15848.3300478149,18186.5826759304,21256.5632102617,False,False
28885818,2021 Mitsubishi RVR SE AWC,2021,29613,-,ON,,27500,2,4,0.1,0.01,29.613,876.929769,25831.2848799187,29323.0050155733,33212.693487933,False,False
28346742,2020 Mitsubishi RVR,2020,42000,-,MB,,21900,3,9,0.09,0.0081,42,1764,23759.9201525549,27145.2597301761,30670.6821095349,True,False
28433933,2017 Mitsubishi RVR,2017,99000,-,ON,Automatic,19900,6,36,0.06,0.0036,99,9801,17223.8998559184,20058.8578596696,22914.0796112407,False,False
29601981,2017 Mitsubishi RVR Black Edition,2017,127956,Edmonton,AB,,23998,6,36,0.06,0.0036,127.956,16372.737936,16377.1465553695,18826.1609752743,21828.7418094564,False,True
29455784,2020 Mitsubishi RVR SE | CLEAN CARFAX | BACKUP CAMERA | APPLE CARPLAY |,2020,97740,Winnipeg,MB,Automatic,26522,3,9,0.09,0.0081,97.74,9553.1076,22925.3032492182,24929.2403588611,28789.1629459848,False,False
29484507,2020 Mitsubishi RVR,2020,42598,-,AB,,35000,3,9,0.09,0.0081,42.598,1814.589604,23756.3610730171,27122.5497414734,30651.9055829726,False,True
29515075,2021 Mitsubishi RVR Blacked out,2021,17750,-,ON,,31000,2,4,0.1,0.01,17.75,315.0625,25829.6197727694,29759.2639487712,33566.3021946079,False,False
29230175,2014 Mitsubishi RVR SE,2014,199960,Quebec,QC,Automatic,9990,9,81,0.03,0.0009,199.96,39984.0016,8013.03084289618,11187.6330542945,13965.2692126064,False,False
29218083,2017 Mitsubishi RVR GT,2017,171000,Enfield,NS,Automatic,17500,6,36,0.06,0.0036,171,29241,14611.3679799932,16893.6883553044,20082.9153105489,False,False
29573319,2018 Mitsubishi RVR SE,2018,88960,Cornwall,ON,Automatic,22950,5,25,0.07,0.0049,88.96,7913.8816,19276.8552329384,22026.3628306583,25108.4388469212,False,False
29527201,2014 Mitsubishi RVR SE 4WD,2014,213688,Whitby,ON,Automatic,10788,9,81,0.03,0.0009,213.688,45662.561344,7192.27022344176,10520.4915902728,13341.1903548883,False,False
29338930,2013 Mitsubishi RVR Chrome,2013,174000,-,NB,,12500,10,100,0.02,0.0004,174,30276,7840.51968543592,11076.2961722243,13700.1945815914,False,False
26734926,"2019 Mitsubishi RVR LIMITED AWD 2.4 LITRES, MAGS 18', CAMÉRA",2019,40375,Notre-Dame-des-Pins,QC,Automatic,22995,4,16,0.08,0.0064,40.375,1630.140625,21811.890670822,25547.5993152606,28669.9969887551,False,False
29342276,2013 Mitsubishi RVR SE*AUTO*4 CYLINDER*ONLY 172KMS*CERTIFIED,2013,172131,London,ON,Automatic,9995,10,100,0.02,0.0004,172.131,29629.081161,7931.61646329255,11163.0512754434,13779.7673700519,False,False
29185724,2021 Mitsubishi RVR ES,2021,51000,Moncton,NB,Automatic,26900,2,4,0.1,0.01,51,2601,25717.9411755434,28513.5509496505,32544.8078182939,False,False
29545702,"2018 Mitsubishi RVR 2018 Mitsubishi RVR SE Limited is a compact SUV that offers a blend of practicality, style, and versatility. This model comes in",2018,1,Edmonton,AB,Automatic,25711,5,25,0.07,0.0049,0.001,0.000001,19869.8084436496,25417.2478944775,27918.237288759,False,False
29028668,2019 Mitsubishi RVR SE Black Edition,2019,118100,Moncton,NB,Automatic,24995,4,16,0.08,0.0064,118.1,13947.61,20409.839209765,22410.5361746445,25984.1406609158,False,False
29527118,2014 Mitsubishi RVR GT,2014,230000,-,AB,Automatic,11000,9,81,0.03,0.0009,230,52900,6136.84842180687,9711.95926856887,12578.7022230878,False,False
29310867,2012 Mitsubishi RVR GT/cuir/ toit panoramique/AWD/Financement Approuvé!,2012,178255,Montreal,QC,Automatic,8450,11,121,0.01,0.0001,178.255,31774.845025,6139.68791711422,9591.54807424535,12225.1216922204,False,False
29037843,2017 Mitsubishi RVR SE,2017,82512,Timmins,ON,Automatic,19977,6,36,0.06,0.0036,82.512,6808.230144,17583.4650201214,20736.5906581365,23500.0686682153,False,False
29442330,2016 Mitsubishi RVR GT,2016,123339,Mirabel,QC,Automatic,17495,7,49,0.05,0.0025,123.339,15212.508921,14773.9789494934,17526.8801419808,20280.2249933782,False,False
29314696,2021 Mitsubishi RVR ES,2021,53330,Antigonish,NS,Automatic,26495,2,4,0.1,0.01,53.33,2844.0889,25696.5518209622,28423.5816144385,32469.6837515368,False,False
27597495,2021 Mitsubishi RVR SE *$86/WK,2021,54001,Dartmouth,NS,Automatic,24900,2,4,0.1,0.01,54.001,2916.108001,25690.0625983539,28397.6069962902,32447.9632590433,True,False
28736994,2021 Mitsubishi RVR ES AWC,2021,82200,Calgary,AB,Automatic,31888,2,4,0.1,0.01,82.2,6756.84,25284.1555160247,27279.7385377173,31500.3628216949,False,True
29387391,2015 Mitsubishi RVR LIMITED EDITION AWD CVT 4 portes 148HP,2015,111299,Lévis,QC,CVT,17990,8,64,0.04,0.0016,111.299,12387.467401,13451.4751844921,16596.230228563,19117.4828167791,False,False
28874208,2019 Mitsubishi RVR SE | 4WD | Backup Camera | Heated Seats | Bluetooth,2019,13727,Prince George,BC,Automatic,31530,4,16,0.08,0.0064,13.727,188.430529,21837.5314556758,26533.3692518651,29471.9865881634,False,True
29246172,2022 Mitsubishi RVR SE,2022,11240,La Sarre,QC,Automatic,34444,1,1,0.11,0.0121,11.24,126.3376,27899.9422792041,31760.5933919985,36023.5790867608,False,False
29537637,2013 Mitsubishi RVR,2013,162000,-,QC,,13500,10,100,0.02,0.0004,162,26244,8405.52038192734,11629.387368963,14205.900128626,False,False
29301837,2023 Mitsubishi RVR LE,2023,0,Calgary,AB,Automatic,38718,0,0,0.12,0.0144,0,0,29989.5884929938,33979.8882779305,38718,False,False
29086697,2015 Mitsubishi RVR SE,2015,107241,Coquitlam,BC,Automatic,19998,8,64,0.04,0.0016,107.241,11500.632081,13564.5546841507,16767.8825799711,19268.1265998689,False,True
29115402,"2021 Mitsubishi RVR GT, LEATHER, BLIND SPOT, APPLE CARPLAY",2021,29622,St. Albert,AB,Automatic,29497,2,4,0.1,0.01,29.622,877.462884,25831.2686618243,29322.6705940934,33212.4206526868,False,False
27688834,2020 Mitsubishi RVR SE AWC,2020,74000,Saint-Jean-Sur-Richelieu,QC,Automatic,24997,3,9,0.09,0.0081,74,5476,23405.0624478717,25897.5760589723,29622.9769196882,False,False
29594955,2018 Mitsubishi RVR SE,2018,75199,Grande Prairie,AB,Automatic,26691,5,25,0.07,0.0049,75.199,5654.889601,19537.8817627792,22584.2959171978,25587.3049083473,False,True
29203770,2023 Mitsubishi RVR SEL AWC,2023,0,Saint John,NB,Automatic,34937,0,0,0.12,0.0144,0,0,29989.5884929938,33979.8882779305,38718,False,False
29413176,2022 Mitsubishi RVR SE,2022,12722,Kelowna,BC,Automatic,28000,1,1,0.11,0.0121,12.722,161.849284,27905.8243180804,31707.2125595438,35980.8860855366,False,False
28849505,2014 Mitsubishi RVR GT,2014,132638,Saint John,NB,Automatic,14900,9,81,0.03,0.0009,132.638,17592.839044,11145.3075261526,14283.1745931578,16792.5744154063,False,False
29529665,"2022 Mitsubishi RVR SE, 4WD, Heated Seats, Blind Spot, Accident Free,",2022,30432,North Bay,ON,Automatic,31444,1,1,0.11,0.0121,30.432,926.106624,27920.5057971715,31058.3375578711,35456.1771808138,False,False
28441054,2013 Mitsubishi RVR,2013,155053,Kitchener,ON,,11500,10,100,0.02,0.0004,155.053,24041.432809,8711.07363375141,11945.3326997722,14493.0367263644,False,False
29130297,2020 Mitsubishi RVR AWC 2.4L,2020,57571,Calgary,AB,Automatic,29900,3,9,0.09,0.0081,57.571,3314.420041,23629.1025302548,26546.4014840296,30171.8071907324,False,False
29113266,2021 Mitsubishi RVR ES,2021,26000,-,BC,,28000,2,4,0.1,0.01,26,676,25835.6545032347,29456.8342819692,33321.6624606188,False,False
29420451,2022 Mitsubishi RVR ES AWC + APPLE CAR PLAY+ CAMERA RECUL+ BLUETOOTH,2022,21872,St-Hubert,QC,Automatic,27988,1,1,0.11,0.0121,21.872,478.384384,27926.2241605811,31374.4946022639,35713.1384713269,False,False
29248687,2014 Mitsubishi RVR AWD,2014,207000,-,ON,,13000,9,81,0.03,0.0009,207,42849,7599.83127188412,10847.0289153282,13647.2408103041,False,False
29432365,2022 Mitsubishi RVR SE - Backup Camera - Bluetooth,2022,19357,Cornwall,ON,Automatic,29998,1,1,0.11,0.0121,19.357,374.693449,27923.34714643,31466.4851851208,35787.4455805307,False,False
29622057,2015 Mitsubishi RVR SE,2015,163000,Sainte-Rose,QC,Automatic,11495,8,64,0.04,0.0016,163,26569,11539.1316009786,14316.2448739978,17075.0122100299,True,False
29086126,2020 Mitsubishi RVR SE AWC,2020,115850,Lethbridge,AB,Automatic,27888,3,9,0.09,0.0081,115.85,13421.2225,22435.3199307024,24166.0854444578,28120.702256537,False,False
28955620,2020 Mitsubishi RVR SE + AWC/REAR VIEW CAM/CRUISE CONTROL/NO EXTRA FEES,2020,144405,Surrey,BC,Automatic,23584,3,9,0.09,0.0081,144.405,20852.804025,21444.7244094045,22919.7695288447,27009.7617093554,False,False
29573624,2017 Mitsubishi RVR BLACK EDITION / AWD,2017,60375,Lévis,QC,Automatic,23995,6,36,0.06,0.0036,60.375,3645.140625,17926.3288899917,21618.9256889733,24250.2862707928,False,False
27901445,2018 Mitsubishi RVR SE Anniversary Edition,2018,101988,Lethbridge,AB,Automatic,24900,5,25,0.07,0.0049,101.988,10401.552144,18972.6317941264,21486.8841655442,24640.1660441608,False,True
29526418,2011 Mitsubishi RVR,2011,195000,-,AB,,11000,12,144,0,0,195,38025,3826.88303515772,7566.4867284598,10308.3837592674,False,True
28940008,"2018 Mitsubishi RVR SE: AWD, ACCIDENT FREE, BACK UP CAMERA, HEATED SEATS!",2018,81022,Spruce Grove,AB,Automatic,23929,5,25,0.07,0.0049,81.022,6564.564484,19434.9902808256,22349.697113111,25386.6468548361,False,False
29265339,2019 Mitsubishi RVR SE,2019,80863,Edmonton,AB,Automatic,28485,4,16,0.08,0.0064,80.863,6538.824769,21328.2092899185,23962.1224858516,27335.3252686471,False,True
26637663,2017 Mitsubishi RVR Limited Edition 4WD,2017,149000,Dartmouth,NS,Automatic,20995,6,36,0.06,0.0036,149,22201,15589.6120492628,17896.3275733204,20995,False,False
29061821,2018 Mitsubishi RVR SE Limited Edition,2018,130155,Greenwood,NS,Automatic,19998,5,25,0.07,0.0049,130.155,16940.324025,18125.0473182612,20283.0604392598,23578.1583450439,False,False
28962768,2018 Mitsubishi RVR SE,2018,83900,Lévis,QC,Automatic,22995,5,25,0.07,0.0049,83.9,7039.21,19380.0394560307,22232.9391193715,25286.4021167623,False,False
28526657,2023 Mitsubishi RVR 2.4L LE AWC - CVT,2023,0,London,ON,CVT,36545,0,0,0.12,0.0144,0,0,29989.5884929938,33979.8882779305,38718,False,False
29099021,"2017 Mitsubishi RVR GT, PREMIUM, BOSE SUB, LEATHER, PANO ROOF!",2017,79770,Kelowna,BC,Automatic,25990,6,36,0.06,0.0036,79.77,6363.2529,17634.6347921153,20847.5976030927,23595.2669956114,False,True
29612963,2018 Mitsubishi RVR SE LTD,2018,115883,Red Deer,AB,Automatic,24895,5,25,0.07,0.0049,115.883,13428.869689,18586.9570917882,20899.4292899718,24124.7438237652,False,True
26157846,2021 Mitsubishi RVR ES AWD AUTO A/C SIÈGES CAMERA BLUETOOTH 34 470 KM,2021,34470,Lévis,QC,Automatic,27995,2,4,0.1,0.01,34.47,1188.1809,25818.680045452,29141.768885273,33064.4471686871,False,False
28580502,2017 Mitsubishi RVR SE Limited Edition: AWC/LEATHER/PANO ROOF/HEATED SEATS,2017,98273,Spruce Grove,AB,Automatic,21997,6,36,0.06,0.0036,98.273,9657.582529,17241.6287232547,20089.110742147,22940.4070849068,False,False
28253472,2021 Mitsubishi RVR SE Heated Seats | Bluetooth | Carplay,2021,69394,Winnipeg,MB,Automatic,28386,2,4,0.1,0.01,69.394,4815.527236,25500.7410826368,27793.7580925048,31939.1199294828,False,False
29598768,2017 Mitsubishi RVR SE BLACK EDITION AWC *SIEGES CHAUFF* CAMERA *PROMO,2017,81168,Saint-Jérôme,QC,Automatic,21995,6,36,0.06,0.0036,81.168,6588.244224,17608.8534540557,20791.0617090205,23546.8107226847,False,False
29232324,2023 Mitsubishi RVR SEL,2023,0,Calgary,AB,Automatic,37218,0,0,0.12,0.0144,0,0,29989.5884929938,33979.8882779305,38718,False,False
29562367,2017 Mitsubishi RVR SE 2.0L,2017,122140,Kelowna,BC,Automatic,18980,6,36,0.06,0.0036,122.14,14918.1796,16569.2413677124,19078.0999589161,22052.4900839933,False,False
29305595,2017 Mitsubishi RVR BLACK EDITION AWD,2017,180659,Granby,QC,Automatic,15994,6,36,0.06,0.0036,180.659,32637.674281,14131.843521164,16443.6142111868,19669.4010528628,False,False
29612023,2017 Mitsubishi RVR ES 2.0L 4 portes 2RM CVT,2017,96500,Victoriaville,QC,CVT,19991,6,36,0.06,0.0036,96.5,9312.25,17284.1405005079,20162.7480903204,23004.4248367892,False,False
29473548,2019 Mitsubishi RVR SE AWC Backup Camera Heated Seats AC Bluetooth,2019,88000,Calgary,AB,Automatic,29888,4,16,0.08,0.0064,88,7744,21187.3378149419,23671.6726748552,27085.5316860413,False,True
28981750,2020 Mitsubishi RVR SE AWC 2.4L CAMERA SIEGE CHAUFFANT ET ++,2020,65542,Farnham,QC,Automatic,23995,3,9,0.09,0.0081,65.542,4295.753764,23531.4334082566,26233.7812785051,29908.4074912371,False,False
28373447,"2020 Mitsubishi RVR SE AWC $189B/W /w Backup Camera, Heated Seats. DRIVE HOME TODAY!",2020,120916,Calgary,AB,Automatic,27988,3,9,0.09,0.0081,120.916,14620.679056,22279.0451425384,23948.8147750499,27928.6931282069,False,True
29077082,2020 Mitsubishi RVR SE,2020,22877,-,SK,,28500,3,9,0.09,0.0081,22.877,523.357129,23812.0321488999,27859.3134284184,31255.0069649741,False,False
29152832,2018 Mitsubishi RVR SE | AWD | TOUCHSCREEN | WE WANT YOUR TRADE!,2018,137733,Brantford,ON,Automatic,18888,5,25,0.07,0.0049,137.733,18970.379289,17852.6968650366,19950.4429249384,23280.8622387258,False,False
29632306,2017 Mitsubishi RVR SE,2017,178397,Edmonton,AB,Automatic,17998,6,36,0.06,0.0036,178.397,31825.489609,14246.8788245925,16549.5552047249,19766.9552079877,False,False
29308567,2019 Mitsubishi RVR SE AWC,2019,115885,Calgary,AB,Automatic,27888,4,16,0.08,0.0064,115.885,13429.333225,20477.1591933469,22505.3343013239,26067.8293060263,False,True
29072880,2018 Mitsubishi RVR SE,2018,213088,Calgary,AB,Automatic,21214,5,25,0.07,0.0049,213.088,45406.495744,14122.0028636736,16441.2131514552,20057.5159268222,False,True
25268640,2019 Mitsubishi RVR EXCELLENT CONDITION! LOADED! WE FINANCE ALL CREDIT,2019,93593,London,ON,Automatic,27995,4,16,0.08,0.0064,93.593,8759.649649,21065.2932939466,23441.7599726333,26886.7352281812,False,True
29513053,2021 Mitsubishi RVR ES AWC,2021,58000,Dartmouth,NS,Automatic,29499,2,4,0.1,0.01,58,3364,25648.3329177214,28242.2016924768,32317.7162432199,False,False
29004195,2022 Mitsubishi RVR SE | Backup Cam | Heated Seats |,2022,22391,Edmonton,AB,Automatic,32889,1,1,0.11,0.0121,22.391,501.356881,27926.5602394523,31355.4604333543,35697.7370304295,False,False
29517992,"2021 Mitsubishi RVR SE-L - AWC, Alloy rims, Heated seats, Cruise, AC",2021,35382,Kentville,NS,,32991,2,4,0.1,0.01,35.382,1251.885924,25815.4524296055,29107.5683186933,33036.3860891585,False,False
28956985,2013 Mitsubishi RVR SE,2013,173000,Blainville,QC,Automatic,9995,10,100,0.02,0.0004,173,29929,7889.40278121535,11122.7421462026,13742.8067775978,False,False
28760544,2012 Mitsubishi RVR,2012,155514,-,ON,,12500,11,121,0.01,0.0001,155.514,24184.604196,7202.1105648346,10638.0644319413,13181.3077610678,False,False
28487518,2022 Mitsubishi RVR SE AWC,2022,27788,Kingston,ON,Automatic,27995,1,1,0.11,0.0121,27.788,772.172944,27924.8312406682,31156.4965380701,35536.2154312814,False,False
29297655,2023 Mitsubishi RVR SEL AWC,2023,0,Kentville,NS,Automatic,33498,0,0,0.12,0.0144,0,0,29989.5884929938,33979.8882779305,38718,False,False
29281753,2014 Mitsubishi RVR SE | AWC | BLUETOOTH | CRUISE,2014,114580,Surrey,BC,Automatic,16277,9,81,0.03,0.0009,114.58,13128.5764,11733.2365225316,15063.7382441774,17485.0657546495,False,False
29013063,2016 Mitsubishi RVR EXCELLENT CONDITION MUST SEE WE FINANCE ALL CREDIT,2016,116680,London,ON,Automatic,21495,7,49,0.05,0.0025,116.68,13614.2224,14982.9382947956,17813.1705782814,20533.536930504,False,True
25075909,2020 Mitsubishi RVR FWD H-SEATS LOW KM MINT! WE FINANCE ALL CREDIT!,2020,26405,London,ON,Automatic,31495,3,9,0.09,0.0081,26.405,697.224025,23811.4196696638,27729.3535693924,31149.5560959622,False,True
29115179,2019 Mitsubishi RVR SE AWC,2019,108320,Leduc,AB,Automatic,25995,4,16,0.08,0.0064,108.32,11733.2224,20694.9757289289,22826.715077055,26350.4936522527,False,False
28931558,2014 Mitsubishi RVR SE,2014,117481,North York,ON,Automatic,14990,9,81,0.03,0.0009,117.481,13801.785361,11645.980289642,14939.7606688543,17375.6967056381,False,False
29127990,2023 Mitsubishi RVR SE,2023,0,Calgary,AB,Automatic,31169,0,0,0.12,0.0144,0,0,29989.5884929938,33979.8882779305,38718,False,False
28877177,2018 Mitsubishi RVR SE AWC NO Accidents,2018,78270,North York,ON,,24888,5,25,0.07,0.0049,78.27,6126.1929,19485.0004101694,22460.8433113012,25481.84073727,False,False
29466057,2021 Mitsubishi RVR SE | Heated Seats/Steering | Sunroof | Leather |,2021,25496,Edmonton,AB,Automatic,33742,2,4,0.1,0.01,25.496,650.046016,25835.924564901,29475.4359919828,33336.7745547666,False,True
29095452,2020 Mitsubishi RVR SE AWC,2020,78391,Calgary,AB,Automatic,33888,3,9,0.09,0.0081,78.391,6145.148881,23330.2256852211,25721.2129187623,29472.3836346171,False,True
28850269,2017 Mitsubishi RVR LIMITED 4WD *FREE ACCIDENT* CERTIFIED CAMERA BLUETOOTH HEATED SEATS CRUISE ALLOYS,2017,142700,Milton,ON,Automatic,17995,6,36,0.06,0.0036,142.7,20363.29,15840.5756419724,18177.6924180195,21248.5689555326,False,False
28919037,2014 Mitsubishi RVR,2014,205000,-,NS,,11900,9,81,0.03,0.0009,205,42025,7718.86669732199,10944.1168013928,13738.0205406159,False,False
29105485,2021 Mitsubishi RVR SE FWD - CVT,2021,37095,Woodbridge,ON,CVT,29790,2,4,0.1,0.01,37.095,1376.039025,25808.6543422067,29043.1846194141,32983.487102913,False,False
28824317,2014 Mitsubishi RVR,2014,205000,-,NS,,12900,9,81,0.03,0.0009,205,42025,7718.86669732199,10944.1168013928,13738.0205406159,False,False
29593291,2016 Mitsubishi RVR 4WD SE,2016,135211,Ottawa,ON,,16656,7,49,0.05,0.0025,135.211,18282.014521,14365.4416293299,17009.3663387159,19819.2063927943,False,False
29080903,2021 Mitsubishi RVR ES,2021,66504,Truro,NS,Automatic,26999,2,4,0.1,0.01,66.504,4422.782016,25542.1975688867,27908.295588245,32036.198196372,False,False
29125855,2020 Mitsubishi RVR All-Wheel Drive- Clean Carfax- No Accidents or Claims!!,2020,60789,Airdrie,AB,Automatic,26495,3,9,0.09,0.0081,60.789,3695.302521,23592.1746233175,26420.686172013,30066.1227998431,False,False
29413183,2022 Mitsubishi RVR SE,2022,12722,Vancouver,BC,Automatic,28000,1,1,0.11,0.0121,12.722,161.849284,27905.8243180804,31707.2125595438,35980.8860855366,False,False
29509110,2021 Mitsubishi RVR SE AWD Cam Écran Tactile A/C Bluetooth Mags,2021,67062,Laval,QC,Automatic,25992,2,4,0.1,0.01,67.062,4497.311844,25534.4060655677,27886.2227360466,32017.5099719665,False,False
28957730,2021 Mitsubishi RVR SE FWD,2021,7856,Kelowna,BC,Automatic,29999,2,4,0.1,0.01,7.856,61.716736,25793.0118432354,30116.1654376727,33852.0206002127,False,False
28643285,2021 Mitsubishi RVR SE BACKUP CAMERA BLIND SPOT DETECTION HEATED SEATS,2021,24872,Calgary,AB,Automatic,28488,2,4,0.1,0.01,24.872,618.616384,25836.1437668242,29498.4439620838,33355.4546877451,False,False
29563304,2020 Mitsubishi RVR ES,2020,88923,Hamilton,ON,Automatic,28995,3,9,0.09,0.0081,88.923,7907.299929,23125.0121854037,25293.1255781966,29104.4628813807,False,False
29094196,2021 Mitsubishi RVR ES | Heated Front Bucket Seats,2021,67281,Edmonton,AB,Automatic,31369,2,4,0.1,0.01,67.281,4526.732961,25531.3202696821,27877.5542426579,32010.1680746202,False,False
29570621,2017 Mitsubishi RVR RVR SE Limited Edition + AWC+ Cam Recul + MAGS,2017,154175,St-Hubert,QC,Automatic,15988,6,36,0.06,0.0036,154.175,23769.930625,15373.7477409451,17663.2897746032,20784.173573955,False,False
29628612,2011 Mitsubishi RVR GT,2011,140283,Winnipeg,MB,Automatic,13999,12,144,0,0,140.283,19679.320089,6396.72621885752,10087.1780403485,12612.5981079232,False,True
29580814,2018 Mitsubishi RVR SE AWC,2018,155000,-,NS,Automatic,18995,5,25,0.07,0.0049,155,24025,17161.9391719823,19178.7042361459,22585.1198282925,False,False
29600638,2023 Mitsubishi RVR SE,2023,277,Oshawa,ON,Automatic,29990,0,0,0.12,0.0144,0.277,0.076729,29991.7613025719,33970.1226464066,38710.3006317556,True,False
29182673,2021 Mitsubishi RVR ES AWD/BACKUPCAM/BLUETOOTH/HEATEDSEATS/CRUISE/POWERGROUP,2021,83446,Edmonton,AB,Automatic,27788,2,4,0.1,0.01,83.446,6963.234916,25260.2175383647,27229.1602687471,31456.9243608253,False,False
28370656,"2020 Mitsubishi RVR SE $ 189B/W /w Backup Camera, Heated Seats. DRIVE HOME TODAY!",2020,120916,Burnaby,BC,Automatic,27988,3,9,0.09,0.0081,120.916,14620.679056,22279.0451425384,23948.8147750499,27928.6931282069,False,True
29635536,"2018 Mitsubishi RVR SE AWC Anniversary Edition 4WD w/ Apple CarPlay & Android Auto, Cruise Control, Sunroof",2018,92818,Bedford,NS,Automatic,20990,5,25,0.07,0.0049,92.818,8615.181124,19192.5532709499,21867.7481249084,24971.2803771512,False,False
28909775,2011 Mitsubishi RVR,2011,208000,-,ON,,7500,12,144,0,0,208,43264,3072.29508030268,6939.19181333661,9723.31531670965,False,False
28883911,2023 Mitsubishi RVR LE AWC,2023,0,Saint John,NB,Automatic,36437,0,0,0.12,0.0144,0,0,29989.5884929938,33979.8882779305,38718,False,False
28808968,2021 Mitsubishi RVR ES w/ Heated Seats / Back Up Cam,2021,82831,Calgary,AB,Automatic,28888,2,4,0.1,0.01,82.831,6860.974561,25272.0963234314,27254.1371885019,31478.3812759608,False,False
28786428,2011 Mitsubishi RVR,2011,201000,-,ON,,7500,12,144,0,0,201,40401,3485.4832700163,7278.32160917626,10040.1469719989,False,False
29606591,"2021 Mitsubishi RVR SE AWC - Backup Camera, Bluetooth, Cruise Control, Heated Front Seats",2021,50723,Sherwood Park,AB,Automatic,29995,2,4,0.1,0.01,50.723,2572.822729,25720.3658813494,28524.2235668284,32553.7080174398,False,False
28905444,2021 Mitsubishi RVR SE AWC,2021,60354,Calgary,AB,Automatic,34888,2,4,0.1,0.01,60.354,3642.605316,25621.3220859284,28150.2401084218,32240.4076310764,False,True
29480438,2018 Mitsubishi RVR SE LTD,2018,143876,Peterborough,ON,Automatic,18999,5,25,0.07,0.0049,143.876,20700.303376,17618.1294352872,19678.0906559052,23036.2613820847,False,False
29035497,2012 Mitsubishi RVR,2012,173000,-,QC,,9100,11,121,0.01,0.0001,173,29929,6400.22689775256,9836.34336966322,12450.0043014898,False,False
28594023,2020 Mitsubishi RVR SE AWC / Heated Seats / Back up Camera,2020,75542,Calgary,AB,Automatic,30888,3,9,0.09,0.0081,75.542,5706.593764,23379.5005707261,25835.7839072925,29570.2803804952,False,True
28745172,2021 Mitsubishi RVR ES,2021,81850,St-Jean-sur-Richelieu,QC,Automatic,25495,2,4,0.1,0.01,81.85,6699.4225,25290.7882747909,27293.9278870183,31512.5407656846,False,False
28811388,2023 Mitsubishi RVR ES,2023,0,Saint John,NB,Automatic,28037,0,0,0.12,0.0144,0,0,29989.5884929938,33979.8882779305,38718,True,False
28235528,2020 Mitsubishi RVR SE,2020,72596,Ottawa,ON,Automatic,26995,3,9,0.09,0.0081,72.596,5270.179216,23427.6599672461,25953.7046724077,29670.7806731032,False,False
28989397,2015 Mitsubishi RVR GT,2015,238000,-,NB,,8900,8,64,0.04,0.0016,238,56644,7210.28097744452,10702.0772153347,13706.0273548496,False,False
29633087,2014 Mitsubishi RVR SE + AWD,2014,111000,Mirabel,QC,Automatic,11995,9,81,0.03,0.0009,111,12321,11837.1196427161,15215.9847888499,17619.0419205751,False,False
28682391,2022 Mitsubishi RVR,2022,20500,-,NB,,26500,1,1,0.11,0.0121,20.5,420.25,27924.9112438955,31424.7285499395,35753.7420080259,True,False
29634722,2014 Mitsubishi RVR GT 4X4 AUT/AC/CUIR/TOIT/CAMERA/BLUETOOTH/FINANCEMENT DISPO,2014,177960,Montreal,QC,Automatic,12900,9,81,0.03,0.0009,177.96,31669.7616,9199.75267045794,12231.4002121151,14931.8064733973,False,False
29635423,"2018 Mitsubishi RVR SE AWC Anniversary Edition 4WD w/ Apple CarPlay & Android Auto, Cruise Control, Sunroof",2018,92818,Etobicoke,ON,Automatic,20990,5,25,0.07,0.0049,92.818,8615.181124,19192.5532709499,21867.7481249084,24971.2803771512,False,False
29644515,2017 Mitsubishi RVR 2.4L 4 portes CVT AWD Black Edition,2017,85239,Alma,QC,CVT,21995,6,36,0.06,0.0036,85.239,7265.687121,17530.1351043928,20625.7096024428,23404.7537954936,False,False
29644156,2021 Mitsubishi RVR ES,2021,36000,Marlborough Park,AB,Automatic,29999,2,4,0.1,0.01,36,1296,25813.1105958647,29084.3624160893,33017.3306094185,False,False
29643984,2019 Mitsubishi RVR SE AWD,2019,65783,Halifax,NS,Automatic,24990,4,16,0.08,0.0064,65.783,4327.403089,21571.0467484594,24565.00970734,27848.8052114738,False,False
29643690,2011 Mitsubishi RVR SE AWD,2011,114000,Calgary,AB,Automatic,12900,12,144,0,0,114,12996,7282.82377883336,11229.2637168925,13628.4383182124,False,False
29643578,2015 Mitsubishi RVR GT,2015,174611,High River,AB,Automatic,16995,8,64,0.04,0.0016,174.611,30489.001321,10989.3859756769,13780.4793089185,16584.9006097131,False,True
29643164,2020 Mitsubishi RVR ES AWC+ CARPLAY + CAMERA + BANCS CHAUFFANTS + CLIM,2020,39638,Blainville,QC,Automatic,24992,3,9,0.09,0.0081,39.638,1571.171044,23772.8340425344,27234.7347264701,30744.5474783466,False,False
29642570,2011 Mitsubishi RVR SE/ES,2011,159270,Montreal,QC,,5950,12,144,0,0,159.27,25366.9329,5615.97477436937,9234.3854149742,11842.0178192379,False,False
29641868,"2021 Mitsubishi RVR SE AWC $189B/W /w Backup Camera, Navigation, Heated Seats. DRIVE HOME TODAY!",2021,46263,Calgary,AB,Automatic,29988,2,4,0.1,0.01,46.263,2140.265169,25755.9496898637,28695.3823570437,32696.1080340994,False,False
29641794,"2021 Mitsubishi RVR SE $189B/W /w Backup Camera, Navigation, Heated Seats. DRIVE HOME TODAY!",2021,46263,Burnaby,BC,Automatic,29988,2,4,0.1,0.01,46.263,2140.265169,25755.9496898637,28695.3823570437,32696.1080340994,False,False
29641395,"2018 Mitsubishi RVR SE AWC - Heated Seats, Apple Carplay/Android Auto",2018,113733,Port Coquitlam,BC,Automatic,22995,5,25,0.07,0.0049,113.733,12935.195289,18650.764704162,20991.1423463519,24205.5751848988,False,False
29641244,"2021 Mitsubishi RVR SE $189B/W /w Backup Camera, Navigation, Heated Seats. DRIVE HOME TODAY!",2021,46263,Kelowna,BC,Automatic,29988,2,4,0.1,0.01,46.263,2140.265169,25755.9496898637,28695.3823570437,32696.1080340994,False,False
29639641,2014 Mitsubishi RVR GT,2014,93920,Gatineau,QC,Automatic,14777,9,81,0.03,0.0009,93.92,8820.9664,12275.0074466137,15930.9559184068,18243.1560275088,False,False
29639326,2020 Mitsubishi RVR ES AWC + CARPLAY + CAMERA + BANCS CHAUFFANTS,2020,48667,Blainville,QC,Automatic,24992,3,9,0.09,0.0081,48.667,2368.476889,23713.6206108516,26890.7639693998,30459.6167389159,False,False
29634265,2016 Mitsubishi RVR SE,2016,83377,Quebec,QC,Automatic,16980,7,49,0.05,0.0025,83.377,6951.724129,15810.2456356657,19202.0114495832,21743.529041226,False,False
29633150,"2023 Mitsubishi RVR ES AWC - Caméra de Recul, Sièges Chauffants",2023,2500,Laval,QC,Automatic,30494,0,0,0.12,0.0144,2.5,6.25,30008.2894279937,33891.5714329494,38648.2736262152,False,False
29633145,"2011 Mitsubishi RVR SE 4WD::Automatic, Leather Interior, Bluetooth, Alloy Wheels",2011,193908,Calgary,AB,Automatic,10995,12,144,0,0,193.908,37600.312464,3887.75072459743,7618.68281638769,10356.8719074928,False,True
29629360,2019 Mitsubishi RVR SE,2019,24752,Kentville,NS,Automatic,23999,4,16,0.08,0.0064,24.752,612.661504,21855.1038515851,26131.0889164948,29147.5422984554,False,False
29596236,2019 Mitsubishi RVR GT Premium,2019,44763,Halifax,NS,Automatic,25999,4,16,0.08,0.0064,44.763,2003.726169,21785.3872072145,25380.8816475683,28532.1174727232,False,False
29586734,"2015 Mitsubishi RVR SE - AWD, Alloy rims, Heated seats, Cruise, A.C",2015,228149,Coldbrook,NS,Automatic,8995,8,64,0.04,0.0016,228.149,52051.966201,7883.86283466252,11197.5005585616,14175.95782842,False,False
29584531,2018 Mitsubishi RVR ES,2018,82826,Quebec,QC,Automatic,18980,5,25,0.07,0.0049,82.826,6860.146276,19400.8627676781,22276.5729145096,25323.8938244832,True,False
29576278,2013 Mitsubishi RVR GT,2013,125447,St. Albert,AB,Automatic,13910,10,100,0.02,0.0004,125.447,15736.949809,9836.19236438378,13256.8663688309,15670.4799821925,False,False
29576018,2020 Mitsubishi RVR SE,2020,55896,Newmarket,ON,Automatic,25999,3,9,0.09,0.0081,55.896,3124.362816,23646.9829549745,26611.5729844918,30226.4667011831,False,False
29575379,2022 Mitsubishi RVR ES,2022,7253,Calgary,AB,Automatic,31888,1,1,0.11,0.0121,7.253,52.606009,27880.550438563,31903.499174677,36137.5035622638,False,False
29555121,2015 Mitsubishi RVR GT,2015,183694,Halifax,NS,Automatic,12749,8,64,0.04,0.0016,183.694,33743.485636,10528.5808517723,13355.2962747001,16193.4660291371,False,False
29555120,2016 Mitsubishi RVR SE,2016,172251,Halifax,NS,Automatic,15499,7,49,0.05,0.0025,172.251,29670.407001,12794.4158199349,15336.2759163544,18303.4331420124,False,False
29522664,2020 Mitsubishi RVR GT,2020,15249,Quebec,QC,Automatic,28980,3,9,0.09,0.0081,15.249,232.532001,23799.4335742996,28137.5570758063,31479.3690895167,False,False
29522659,2020 Mitsubishi RVR GT,2020,35319,Quebec,QC,Automatic,27980,3,9,0.09,0.0081,35.319,1247.431761,23791.7265531759,27397.4115567276,30878.3798191778,False,False
29521718,2020 Mitsubishi RVR SE**AWD**CAMERA RECUL**MAGS,2020,64112,Mirabel,QC,Automatic,24995,3,9,0.09,0.0081,64.112,4110.348544,23550.4856232478,26290.1673472902,29956.0611953889,False,False
29511869,2017 Mitsubishi RVR SE avec groupe Limited Edition,2017,81799,Quebec,QC,Automatic,20980,6,36,0.06,0.0036,81.799,6691.076401,17597.0073438462,20765.5023961332,23524.8848322099,False,False
29466902,2021 Mitsubishi RVR ES - AWD| Heated Seats | Back Up Camera,2021,40990,Saskatoon,SK,Automatic,28895,2,4,0.1,0.01,40.99,1680.1801,25789.6231797712,28896.0846735532,32862.2725552057,False,False
29181310,2021 Mitsubishi RVR SE | Remote Entry | Apple Carplay/Android Auto,2021,82359,Calgary,AB,Automatic,29416,2,4,0.1,0.01,82.359,6783.004881,25281.1291073912,27273.2899068698,31494.8270972565,False,False
29445229,2023 Mitsubishi RVR ES,2023,535,Cornwall,ON,Automatic,30495,0,0,0.12,0.0144,0.535,0.286225,29993.7624916519,33961.0224045264,38703.1234805352,False,False
29445195,2023 Mitsubishi RVR ES,2023,535,Kingston,ON,Automatic,30495,0,0,0.12,0.0144,0.535,0.286225,29993.7624916519,33961.0224045264,38703.1234805352,False,False
29445191,2023 Mitsubishi RVR ES,2023,535,Carleton Place,ON,Automatic,30495,0,0,0.12,0.0144,0.535,0.286225,29993.7624916519,33961.0224045264,38703.1234805352,False,False
29423377,2016 Mitsubishi RVR ES,2016,138540,Halifax,NS,Automatic,19799,7,49,0.05,0.0025,138.54,19193.3316,14242.6053105893,16862.6181712833,19687.7707506275,False,True
29422432,2014 Mitsubishi RVR GT,2014,143718,Quebec,QC,Automatic,13980,9,81,0.03,0.0009,143.718,20654.863524,10731.7457852264,13793.8171229909,16353.8802114422,False,False
29414880,2023 Mitsubishi RVR ES,2023,1224,Cambridge,ON,Automatic,29999,0,0,0.12,0.0144,1.224,1.498176,29999,33936.6987607573,38683.9287094002,True,False
29391623,2012 Mitsubishi RVR SE,2012,155565,Saint-Léonard,QC,Automatic,9995,11,121,0.01,0.0001,155.565,24200.469225,7199.91725479337,10635.7548167833,13179.2128253689,False,False
29378964,2019 Mitsubishi RVR SE LIMITED,2019,93550,Edmonton,AB,Automatic,24995,4,16,0.08,0.0064,93.55,8751.6025,21066.2706397992,23443.5352860269,26888.2738097809,False,False
29359884,"2015 Mitsubishi RVR AUTOMATIQUE, BAS KILO!",2015,157666,Québec,QC,Automatic,11995,8,64,0.04,0.0016,157.666,24858.567556,11776.892535693,14559.4539701272,17296.3030967361,False,False
29348764,2022 Mitsubishi RVR GT,2022,19821,Lethbridge,AB,Automatic,32899,1,1,0.11,0.0121,19.821,392.872041,27924.0336367849,31449.5442790098,35773.7771037414,False,False
29343112,2020 Mitsubishi RVR Other,2020,47190,Edmonton,AB,Automatic,26900,3,9,0.09,0.0081,47.19,2226.8961,23725.1319312838,26947.3921054642,30506.7035120316,False,False
29336833,2020 Mitsubishi RVR ES AWD - BALANCE DE GARANTIE -,2020,94788,St. Raymond,QC,Automatic,22995,3,9,0.09,0.0081,94.788,8984.764944,22995,25051.6307708412,28895.4676737438,False,False
29335931,2015 Mitsubishi RVR GT,2015,96000,Brossard,QC,Automatic,15999,8,64,0.04,0.0016,96,9216,13849.6574570419,17237.8231991328,19678.0733839108,False,False
29324832,2018 Mitsubishi RVR SE ANNIVERSARY EDITION,2018,67580,Fredericton,NB,,22995,5,25,0.07,0.0049,67.58,4567.0564,19655.7522782053,22887.9469389777,25845.4758215419,False,False
29323674,2020 Mitsubishi RVR SE AWC,2020,34070,Calgary,AB,Automatic,32888,3,9,0.09,0.0081,34.07,1160.7649,23796.0522164606,27444.2311676188,30916.7852477386,False,True
29313563,2020 Mitsubishi RVR ES,2020,8695,Kamloops,BC,Automatic,30999,3,9,0.09,0.0081,8.695,75.603025,23773.4015315335,28373.6247767991,31668.1696689739,False,False
29301764,2017 Mitsubishi RVR GT,2017,56289,Quebec,QC,Automatic,23480,6,36,0.06,0.0036,56.289,3168.451521,17972.0836727239,21778.3268670976,24384.1810673026,False,False
29301760,2020 Mitsubishi RVR ES,2020,85571,Quebec,QC,Automatic,23480,3,9,0.09,0.0081,85.571,7322.396041,23194.2627518382,25430.1489466532,29222.5888128539,False,False
29300941,2019 Mitsubishi RVR AWD SE,2019,94969,Edmonton,AB,Automatic,25988,4,16,0.08,0.0064,94.969,9019.110961,21033.6987719326,23384.8869228521,26837.4171782045,False,False
29256846,2023 Mitsubishi RVR SEL,2023,0,Calgary,AB,Automatic,37368,0,0,0.12,0.0144,0,0,29989.5884929938,33979.8882779305,38718,False,False
29185223,2021 Mitsubishi RVR ES - ALL WHEEL DRIVE,2021,63710,Richmond,BC,Automatic,25741,2,4,0.1,0.01,63.71,4058.9641,25579.6786558242,28018.5157928913,32129.3730652879,False,False
29184790,2020 Mitsubishi RVR SE | AWC | B/U CAM | HTD SEATS | CLEAN CARFAX |,2020,63784,Surrey,BC,Automatic,26497,3,9,0.09,0.0081,63.784,4068.398656,23554.7613006319,26303.0820440012,29966.9669144144,False,False
29184788,2020 Mitsubishi RVR SE | AWC | B/U CAMERA | HTD SEATS,2020,74125,Surrey,BC,Automatic,25497,3,9,0.09,0.0081,74.125,5494.515625,23403.0192905989,25892.5726845242,29618.7127200953,False,False
29184755,2020 Mitsubishi RVR SE | AWC | B/U CAM | HTD SEATS | APPLE PLAY,2020,71400,Surrey,BC,Automatic,25497,3,9,0.09,0.0081,71.4,5097.96,23446.400945898,26001.417568865,29711.3695052831,False,False
29184752,2020 Mitsubishi RVR SE | AWD | HTD SEATS | B/U CAM | BLIS |,2020,86995,Surrey,BC,Automatic,25497,3,9,0.09,0.0081,86.995,7568.130025,23165.2928420672,25372.0271559965,29172.5237595126,False,False
29184750,2021 Mitsubishi RVR SE | AWC | B/U CAM | HTD SEATS,2021,41430,Surrey,BC,Automatic,27497,2,4,0.1,0.01,41.43,1716.4449,25787.1612492888,28879.4059140336,32848.4980029563,False,False
29145724,2021 Mitsubishi RVR ES,2021,71050,Moncton,NB,Automatic,28648,2,4,0.1,0.01,71.05,5048.1025,25475.7544046251,27727.8839357016,31883.1713704804,False,False
29138775,2021 Mitsubishi RVR ES,2021,76852,Calgary,AB,Automatic,30772,2,4,0.1,0.01,76.852,5906.229904,25381.1309021401,27495.6890680723,31685.2995725785,False,False
29102180,2020 Mitsubishi RVR SE 4WD Heated Front Seats Apple Car Play 16Alloy,2020,69118,Bolton,ON,Automatic,24901,3,9,0.09,0.0081,69.118,4777.297924,23480.8606994401,26092.1988803295,29788.4749170189,False,False
29099023,"2018 Mitsubishi RVR SE LTD, CAR PLAY / ANDROID AUTO, 18\ RIMS",2018,71353,Kelowna,BC,Automatic,23990,5,25,0.07,0.0049,71.353,5091.250609,19599.7558279173,22738.0444775223,25718.2472748652,False,False
29073537,2018 Mitsubishi RVR SE LTD AWD | Bluetooth | Local,2018,121463,Winnipeg,MB,Automatic,20662,5,25,0.07,0.0049,121.463,14753.260369,18414.2970455733,20660.0097228404,23913.1150090296,False,False
29053112,2023 Mitsubishi RVR GT,2023,0,Calgary,AB,Automatic,41118,0,0,0.12,0.0144,0,0,29989.5884929938,33979.8882779305,38718,False,True
29030808,2015 Mitsubishi RVR SE,2015,163739,Falmouth,NS,Manual,11995,8,64,0.04,0.0016,163.739,26810.460121,11505.4566983153,14282.404570563,17044.1616387824,False,False
29007322,2020 Mitsubishi RVR SE,2020,78491,Calgary,AB,Automatic,28994,3,9,0.09,0.0081,78.491,6160.837081,23328.4478865713,25717.1819547192,29468.9348533293,False,False
29006750,2018 Mitsubishi RVR SE LTD,2018,158982,Hamilton,ON,,18998,5,25,0.07,0.0049,158.982,25275.276324,16988.7976802864,18998.000000003,22421.0565481716,False,False
29004820,"2021 Mitsubishi RVR ES | Heated Seats, Rear View Camera.",2021,65099,Prince Albert,SK,Automatic,33697,2,4,0.1,0.01,65.099,4237.879801,25561.364722429,27963.784270644,32083.1358125221,False,True
28981213,2021 Mitsubishi RVR $106/WK+TX! NEW TIRES! 4WD! HEATED SEATS! CARPLAY!,2021,65059,Truro,NS,Automatic,27987,2,4,0.1,0.01,65.059,4232.673481,25561.900949887,27965.3621540305,32084.4696447724,False,False
28971641,2011 Mitsubishi RVR,2011,115000,Southwest,QC,Automatic,9500,12,144,0,0,115,13225,7253.24660303641,11186.6263636582,13590.8686600466,False,False
28959318,"2021 Mitsubishi RVR SE 4WD - Under 100,000KMs - Heated Seats - Backup Camera - Day-Night Rearview Mirror",2021,79787,Redwater,AB,Automatic,26997,2,4,0.1,0.01,79.787,6365.965369,25329.0691988762,27377.4032931315,31584.1083194368,False,False
28957797,2021 Mitsubishi RVR ES AWC,2021,70050,Kelowna,BC,Automatic,28999,2,4,0.1,0.01,70.05,4907.0025,25490.95030613,27767.684189246,31916.9847652885,False,False
28940718,2019 Mitsubishi RVR,2019,104400,Mont-Royal,QC,,21562,4,16,0.08,0.0064,104.4,10899.36,20800.4770929761,22991.7936963504,26495.0395710513,False,False
28939044,2020 Mitsubishi RVR SE,2020,72581,Quebec,QC,Automatic,25980,3,9,0.09,0.0081,72.581,5268.001561,23427.8979113071,25954.303650077,29671.2904873846,False,False
28875901,2021 Mitsubishi RVR SE,2021,76000,Quebec,QC,Automatic,26980,2,4,0.1,0.01,76,5776,25395.715983631,27529.9220586019,31714.5364615551,False,False
28864808,2019 Mitsubishi RVR SE Black Edition,2019,30338,Quebec,QC,Automatic,25980,4,16,0.08,0.0064,30.338,920.394244,21848.8260302244,25924.2719791833,28979.1920028934,False,False
28839319,2019 Mitsubishi RVR SE LTD,2019,68255,Quebec,QC,Automatic,23980,4,16,0.08,0.0064,68.255,4658.745025,21536.3386540231,24467.1869390342,27765.9645072565,False,False
28783876,2021 Mitsubishi RVR Other,2021,33712,Calgary,AB,Automatic,32598,2,4,0.1,0.01,33.712,1136.498944,25821.1555405084,29170.1534987171,33087.7157697068,False,False
28773018,2020 Mitsubishi RVR ES,2020,53290,Quebec,QC,Automatic,24980,3,9,0.09,0.0081,53.29,2839.8241,23672.9764190962,26712.6080814299,30311.0303639667,False,False
28736992,2021 Mitsubishi RVR SE AWC,2021,51389,Calgary,AB,Automatic,36888,2,4,0.1,0.01,51.389,2640.829321,25714.4936963091,28498.5546884484,32532.2979115646,False,True
28664583,2021 Mitsubishi RVR SE,2021,45444,Innisfail,AB,Automatic,28798,2,4,0.1,0.01,45.444,2065.157136,25761.7766602016,28726.6730898795,32722.0725170523,False,False
28587255,"2016 Mitsubishi RVR GT, AWD, TOIT-PANORAMIQUE, CUIR, ROCKFORD-FOSGATE",2016,107304,Saint-Hubert,QC,Automatic,17970,7,49,0.05,0.0025,107.304,11514.148416,15252.5593380706,18211.4204403881,20883.7802943189,False,False
28579513,"2020 Mitsubishi RVR GT; 4WD, HEATED SEATS, BACKUP CAMERA, PUSH START, BLUETOOTH, CRUISE CONTROL, AUTO HEADLIGHTS",2020,74357,Edmonton,AB,Automatic,27999,3,9,0.09,0.0081,74.357,5528.963449,23399.2136399082,25883.2837482842,29610.7948263021,False,False
28526269,2021 Mitsubishi RVR ES | AWD | Heated Seats | 8 Touchscreen | Apple Carplay,2021,70800,Guelph,ON,Automatic,25937,2,4,0.1,0.01,70.8,5012.64,25479.5840567809,27737.8400509215,31891.6327316896,False,False
28390701,2021 Mitsubishi RVR SE,2021,76670,Quebec,QC,Automatic,25980,2,4,0.1,0.01,76.67,5878.2889,25384.2664452065,27503.0056849378,31691.5502222109,False,False
28279205,2020 Mitsubishi RVR ES,2020,47268,Quebec,QC,Automatic,23980,3,9,0.09,0.0081,47.268,2234.263824,23724.5418747304,26944.4051098549,30504.2215344899,False,False
25187904,2021 Mitsubishi RVR GT | AWD | LEATHER | PANO ROOF | TOUCHSCREEN,2021,24813,Brantford,ON,Automatic,28888,2,4,0.1,0.01,24.813,615.684969,25836.1578996754,29500.6180945103,33357.2191962404,False,False
19064677,2020 Mitsubishi RVR ES AWD,2020,32380,Edmonton,AB,Automatic,21994,3,9,0.09,0.0081,32.38,1048.4644,23801.092561986,27507.421647972,30968.5387069121,True,False
24147585,2013 Mitsubishi RVR GT,2013,178000,Mount Pearl,NL,Automatic,8000,10,100,0.02,0.0004,178,31684,7641.71511249066,10889.8667473711,13528.8911301352,False,False
20059646,2013 Mitsubishi RVR 2.0L,2013,171000,Côte-Des-Neiges—Notre-Dame-De-Grâce,QC,Automatic,7250,10,100,0.02,0.0004,171,29241,7986.18731582596,11215.4404354775,13827.7747693814,True,False
20920584,2011 Mitsubishi RVR,2011,223000,-,QC,,3000,12,144,0,0,223,49729,2132.90068447622,6201.83388046127,9030.28832848462,False,False
26840778,2011 Mitsubishi RVR,2011,164353,Fabreville,QC,Manual,6500,12,144,0,0,164.353,27011.908609,5386.94294394575,9002.13578744738,11630.497832245,False,False
29525799,2014 Mitsubishi RVR SE,2014,113855,Gatineau,QC,Automatic,12997,9,81,0.03,0.0009,113.855,12962.961025,11754.6129564465,15094.6371040326,17512.2862521623,False,False
23101337,2013 Mitsubishi RVR 4WD GT,2013,160000,London,ON,Automatic,10800,10,100,0.02,0.0004,160,25600,8495.10609891735,11720.6654945705,14288.9878520622,False,False
29591596,2018 Mitsubishi RVR RVR*SE*LTD*AWC*UN PROPRIO*JAMAIS ACCIDENTÉ*,2018,98500,Terrebonne,QC,Automatic,20497,5,25,0.07,0.0049,98.5,9702.25,19059.5260429485,21632.3933656207,24766.9591841977,False,False
29581323,2019 Mitsubishi RVR Other,2019,46135,Blainville,QC,Automatic,23995,4,16,0.08,0.0064,46.135,2128.438225,21775.8073848471,25328.4988091921,28488.668847631,False,False
29582963,2015 Mitsubishi RVR SE,2015,128974,Charlottetown,PE,Automatic,15995,8,64,0.04,0.0016,128.974,16634.292676,12896.0993661316,15836.1839192093,18444.9244726707,False,False
29581544,2015 Mitsubishi RVR AWD GT - HEATED SEATS - CAMERA - FULL GLASS ROOF,2015,215000,Fredericton,NB,Automatic,9995,8,64,0.04,0.0016,215,46225,8733.4721203485,11849.0245945841,14790.2918227894,False,False
29524824,2017 Mitsubishi RVR,2017,36500,Lévis,QC,Automatic,17990,6,36,0.06,0.0036,36.5,1332.25,18116.3803779935,22535.0769497511,25012.4601067135,True,False
28568633,2015 Mitsubishi RVR SE,2015,200000,Breslau,ON,Automatic,9796,8,64,0.04,0.0016,200,40000,9633.60023824448,12578.6361801833,15473.062801847,False,False
25980979,2011 Mitsubishi RVR GT 4WD CVT,2011,197000,London,ON,CVT,8800,12,144,0,0,197,38809,3714.39198937493,7470.68990027449,10219.3133638168,False,False
29138767,2023 Mitsubishi RVR ES,2023,0,Calgary,AB,Automatic,29868,0,0,0.12,0.0144,0,0,29989.5884929938,33979.8882779305,38718,True,False
28930921,2023 Mitsubishi RVR SE,2023,0,Saint-Jean-Sur-Richelieu,QC,Automatic,28848,0,0,0.12,0.0144,0,0,29989.5884929938,33979.8882779305,38718,True,False
28995892,2023 Mitsubishi RVR GT,2023,0,Saint-Jean-Sur-Richelieu,QC,Automatic,38048,0,0,0.12,0.0144,0,0,29989.5884929938,33979.8882779305,38718,False,False
27798210,2011 Mitsubishi RVR 4WD 4dr CVT GT,2011,167720,Barrie,ON,CVT,11488,12,144,0,0,167.72,28129.9984,5230.5764440779,8847.37438175691,11489.1703137425,False,False
28325746,"2015 Mitsubishi RVR GT AWD, ROOF, HTD. LEATHER, BT, CAMERA, 114K!",2015,114000,Stittsville,ON,Automatic,17995,8,64,0.04,0.0016,114,12996,13373.2227387478,16481.389385784,19016.4343499914,False,False
28745810,2023 Mitsubishi RVR SE,2023,0,Calgary,AB,Automatic,31068,0,0,0.12,0.0144,0,0,29989.5884929938,33979.8882779305,38718,False,False
27523933,2013 Mitsubishi RVR 4WD SE,2013,146000,London,ON,Automatic,10800,10,100,0.02,0.0004,146,21316,9085.55759177901,12352.3824496992,14861.0296408928,False,False
28296844,2014 Mitsubishi RVR ES 4D UTILITY 2WD,2014,161411,Lachine,QC,Manual,9495,9,81,0.03,0.0009,161.411,26053.510921,9988.06294448779,12995.959659138,15631.6005177672,True,False
28745816,2023 Mitsubishi RVR LE,2023,0,Calgary,AB,Automatic,37168,0,0,0.12,0.0144,0,0,29989.5884929938,33979.8882779305,38718,False,False
28488992,2023 Mitsubishi RVR GT,2023,0,Saint-Jean-Sur-Richelieu,QC,Automatic,37898,0,0,0.12,0.0144,0,0,29989.5884929938,33979.8882779305,38718,False,False
28488982,2023 Mitsubishi RVR GT,2023,0,Saint-Jean-Sur-Richelieu,QC,Automatic,37748,0,0,0.12,0.0144,0,0,29989.5884929938,33979.8882779305,38718,False,False
28540915,2019 Mitsubishi RVR,2019,118000,Winnipeg,MB,Automatic,23600,4,16,0.08,0.0064,118,13924,20412.9130900836,22414.8228262453,25987.9279674261,False,False
26786409,"2013 Mitsubishi RVR SE **4WD**SIEGES CHAUFFANTS**MAGS**BLUETOOTH**Financement 1ère, 2e et 3e chance !!! 100% Approuvé !!",2013,144638,Sainte-Rose,QC,Automatic,10995,10,100,0.02,0.0004,144.638,20920.151044,9139.57687842623,12413.1641633849,14915.7870227077,False,False
28472868,2015 Mitsubishi RVR .,2015,179000,Montréal,QC,Manual,9875,8,64,0.04,0.0016,179,32041,10770.0908278179,13575.6914061024,16396.6357436501,True,False
28794452,2015 Mitsubishi RVR GT,2015,197766,Warman,SK,Automatic,13995,8,64,0.04,0.0016,197.766,39111.390756,9761.360230163,12686.0569980553,15573.104892551,False,False
28748183,2011 Mitsubishi RVR GT,2011,185585,Quebec,QC,Automatic,7995,12,144,0,0,185.585,34441.792225,4338.85115711081,8013.98147556969,10723.0899953308,False,False
28566915,2011 Mitsubishi RVR,2011,285000,Ladysmith,BC,Manual,3000,12,144,0,0,285,81225,-2531.00119677345,3000.00000000912,5961.76766146502,False,False
23480275,2015 Mitsubishi RVR,2015,149000,Edmonton,AB,Automatic,15000,8,64,0.04,0.0016,149,22201,12143.3262911159,14950.6730506731,17650.6436020691,False,False
28124658,2015 Mitsubishi RVR SE,2015,211432,Hamilton,ON,Automatic,10499,8,64,0.04,0.0016,211.432,44703.490624,8954.2561243863,12023.8914065439,14954.4433472337,False,False
26846762,2015 Mitsubishi RVR,2015,154000,Montréal,QC,Manual,10800,8,64,0.04,0.0016,154,23716,11934.9049003217,14725.5439991176,17446.983963774,True,False
29619393,2013 Mitsubishi RVR,2013,280000,Londonderry,NS,Automatic,7999,10,100,0.02,0.0004,280,78400,803.252681618578,5786.94346882532,8698.61990500828,False,False
29442566,2014 Mitsubishi RVR SE,2014,71148,Saint John,NB,Automatic,15600,9,81,0.03,0.0009,71.148,5062.037904,12710.346460896,16854.9037541613,19036.4784981771,False,False
28623257,2013 Mitsubishi RVR SE 4WD,2013,147000,Dartmouth,NS,Automatic,15995,10,100,0.02,0.0004,147,21609,9045.50940853394,12307.6794038579,14820.7250469491,False,True
29291038,2020 Mitsubishi RVR ES | BACKUP CAMERA | APPLE CARPLAY | BLIND SPOT WARNING |,2020,69604,Winnipeg,MB,Automatic,27722,3,9,0.09,0.0081,69.604,4844.716816,23473.6645761068,26072.8932592549,29772.0909944415,False,False
29167797,"2018 Mitsubishi RVR SE AWC, Heated Seats, Backup Camera, SXM",2018,62843,Winnipeg,MB,Automatic,23998,5,25,0.07,0.0049,62.843,3949.242649,19719.4603947328,23074.8482958046,26003.4885491956,False,False
29310036,2021 Mitsubishi RVR,2021,73161,Calgary,AB,Automatic,28126,2,4,0.1,0.01,73.161,5352.531921,25442.6013804997,27643.6536306812,31811.5106502722,False,False
27881154,2014 Mitsubishi RVR GT,2014,222816,Saint-Jérôme,QC,Automatic,10495,9,81,0.03,0.0009,222.816,49646.969856,6612.39759582,10070.1631242984,12917.3133851885,False,False
29285097,2015 Mitsubishi RVR,2015,120000,-,NL,,15000,8,64,0.04,0.0016,120,14400,13190.8513992247,16224.5969729688,18789.7343998512,False,False
28648289,2014 Mitsubishi RVR GT,2014,235000,Valleyfield,QC,Automatic,10995,9,81,0.03,0.0009,235,55225,5795.9033429973,9460.6862949565,12340.4285538525,False,False
